会社名,URL,1行目,2行目,種別,根拠原文（要確認）,出典,確度
エミシ,https://www.emishi.co.jp/partner/,貴社が掲げる「北海道内の地方に目を向け、埋もれている良い物をデジタルの力で発信していく」という言葉に、強く共感いたしました。,コーポレートサイトや採用サイト・LP制作を中心に10〜30件ほど携わってきた者で、HTML/CSSでのデザイン再現とWordPress実装を得意としています。貴社のお力になれればと思い、ご連絡いたしました。,直接引用（理念・想いページより）,北海道内の地方に目を向け、埋もれている良い物をデジタルの力で発信していく,"https://www.emishi.co.jp/company/ , https://www.creators-station.jp/interview/legends/38680",高
StockSun,https://stock-sun.com/recruit/jobs/,「ヒトと事業の成長機会の損失をなくす。」——貴社のこの一文を拝見し、心を動かされました。,コーポレートサイト・採用サイト・LP制作の実装（HTML/CSS・WordPress・JavaScript）を10〜30件ほど経験してきました。貴社のものづくりに少しでもお役に立てればと思い、ご連絡差し上げました。,直接引用（理念・想いページより）,ヒトと事業の成長機会の損失をなくす。,"https://stock-sun.com/company/ , https://stock-sun.com/",高
ギャラクタス,https://galactus.co.jp/partner,貴社の「宇宙に誇れるWeb制作会社を目指しながら、まずは皆さんのお役に立ちたい」というお考えを拝見し、素直に惹かれました。,WordPress実装やHTML/CSSでのデザイン再現を中心に、コーポレートサイト・採用サイト・LPを10〜30件ほど制作してきました。貴社のご制作をご一緒できればと思い、ご連絡いたしました。,直接引用（理念・想いページより）,宇宙に誇れるWeb制作会社を目指しながら、まずは皆さんのお役に立ちたい,"https://galactus.co.jp/company/ , https://web-kanji.com/posts/galactus-interview",高
ここラボ（こころからだあんしんラボ）,https://kokorokarada.net/partner.html,「肌を想う、人を想う。そんなこころのまんなかに」という貴社の言葉に、深く共感いたしました。,コーポレートサイトや採用サイト・LP制作を中心に10〜30件ほど携わってきた者で、HTML/CSSでのデザイン再現とWordPress実装を得意としています。貴社のお力になれればと思い、ご連絡いたしました。,直接引用（理念・想いページより）,肌を想う、人を想う。そんなこころのまんなかに,"https://kokolab.co.jp/about.html , https://kokorokarada.net/concept.html",高
メディアクリエイツ,http://m-cre.co.jp/partner/,貴社が大切にされている「いのちを大切に、デジタルの力で誰もが活躍できる未来を創造する」という言葉に、感銘を受けました。,コーポレートサイト・採用サイト・LP制作の実装（HTML/CSS・WordPress・JavaScript）を10〜30件ほど経験してきました。貴社のものづくりに少しでもお役に立てればと思い、ご連絡差し上げました。,直接引用（理念・想いページより）,いのちを大切に、デジタルの力で誰もが活躍できる未来を創造する,"https://m-cre.co.jp/company/com_03/ , https://m-cre.co.jp/company/com_02/",高
ホノカ,https://hgr.jp/2899,貴社が掲げる「制作ありきではなく、課題解決ありき」という言葉に、強く共感いたしました。,WordPress実装やHTML/CSSでのデザイン再現を中心に、コーポレートサイト・採用サイト・LPを10〜30件ほど制作してきました。貴社のご制作をご一緒できればと思い、ご連絡いたしました。,直接引用（理念・想いページより）,制作ありきではなく、課題解決ありき,"https://hgr.jp/about/ , https://web-kanji.com/companies/hgr-jp",高
アーティス,https://req.qubo.jp/artis/form/recstaff,「使うと気持ちいいWebサイト」——貴社のこの一文を拝見し、心を動かされました。,コーポレートサイトや採用サイト・LP制作を中心に10〜30件ほど携わってきた者で、HTML/CSSでのデザイン再現とWordPress実装を得意としています。貴社のお力になれればと思い、ご連絡いたしました。,直接引用（理念・想いページより）,使うと気持ちいいWebサイト,"http://www.artisj.com/ , https://web-kanji.com/companies/asobou",高
アサプリ,https://www.asapri.co.jp/recruit/,貴社が印刷・動画・Webを社内に持ち、従業員50〜100名という規模で地方の総合クリエイティブ企業として案件を安定して回されていると知り、ぜひご一緒したいと感じました。,コーポレートサイト・採用サイト・LP制作の実装（HTML/CSS・WordPress・JavaScript）を10〜30件ほど経験してきました。貴社のものづくりに少しでもお役に立てればと思い、ご連絡差し上げました。,事実ベース（要約・引用ではない）,印刷・動画・Webを社内に持ち、従業員50〜100名という規模で地方の総合クリエイティブ企業として案件を安定して回されている,"https://www.asapri.co.jp/company/profile/ , https://www.asapri-hd.jp/company/",高
アット・ウエルネス,http://www.well-ness.co.jp/info/recruit.html,貴社がダイレクト・レスポンス・マーケティングの考え方に基づき、反応率を軸にしたコンテンツ設計に取り組まれている点に、強く惹かれました。,WordPress実装やHTML/CSSでのデザイン再現を中心に、コーポレートサイト・採用サイト・LPを10〜30件ほど制作してきました。貴社のご制作をご一緒できればと思い、ご連絡いたしました。,事実ベース（要約・引用ではない）,ダイレクト・レスポンス・マーケティングの考え方に基づき、反応率を軸にしたコンテンツ設計に取り組まれている,"https://well-ness.co.jp/aboutus/ , https://www.well-ness.co.jp/",高
アドエイト,https://ad-eight.co.jp/partner/,貴社が大切にされている「8つのソリューション（EIGHT SOLUTION）」という言葉に、感銘を受けました。,コーポレートサイトや採用サイト・LP制作を中心に10〜30件ほど携わってきた者で、HTML/CSSでのデザイン再現とWordPress実装を得意としています。貴社のお力になれればと思い、ご連絡いたしました。,直接引用（理念・想いページより）,8つのソリューション（EIGHT SOLUTION）,"https://ad-eight.co.jp/company/ , https://ad-eight.co.jp/service/",高
アルカミクス総合研究所,https://arcamix.jp/partner/,貴社が掲げる「空気（AIR）のように、目に見えないが なくてはならない存在」という言葉に、強く共感いたしました。,コーポレートサイト・採用サイト・LP制作の実装（HTML/CSS・WordPress・JavaScript）を10〜30件ほど経験してきました。貴社のものづくりに少しでもお役に立てればと思い、ご連絡差し上げました。,直接引用（理念・想いページより）,空気（AIR）のように、目に見えないが なくてはならない存在,"https://arcamix.jp/ , https://web-kanji.com/companies/arcamix",高
アルファ―企画,https://www.alpha-planning.co.jp/partner,貴社が1982年の創業以来、群馬で38年にわたり広告デザインの仕事を続けてこられた点に、強く惹かれました。,WordPress実装やHTML/CSSでのデザイン再現を中心に、コーポレートサイト・採用サイト・LPを10〜30件ほど制作してきました。貴社のご制作をご一緒できればと思い、ご連絡いたしました。,事実ベース（要約・引用ではない）,1982年の創業以来、群馬で38年にわたり広告デザインの仕事を続けてこられた,"https://www.alpha-planning.co.jp/company , https://web-kanji.com/companies/alpha-planning",高
アンクベル・ジャパン,https://www.anqbell.jp/recruit/,貴社が内閣府や外務省、文部科学省、横浜国立大学など、官公庁・国立大学の実績を数多くお持ちであることを拝見し、大変興味を持ちました。,コーポレートサイトや採用サイト・LP制作を中心に10〜30件ほど携わってきた者で、HTML/CSSでのデザイン再現とWordPress実装を得意としています。貴社のお力になれればと思い、ご連絡いたしました。,事実ベース（要約・引用ではない）,内閣府や外務省、文部科学省、横浜国立大学など、官公庁・国立大学の実績を数多くお持ちである,"https://www.anqbell.jp/company/ , https://www.anqbell.jp/",高
ECBB,https://ecbb.co.jp/employment/,「ビジネスの手法で社会問題を解決する」という貴社の言葉に、深く共感いたしました。,コーポレートサイト・採用サイト・LP制作の実装（HTML/CSS・WordPress・JavaScript）を10〜30件ほど経験してきました。貴社のものづくりに少しでもお役に立てればと思い、ご連絡差し上げました。,直接引用（理念・想いページより）,ビジネスの手法で社会問題を解決する,"https://ecbb.co.jp/outline/ , https://ecbb.co.jp/business/",高
ICHIZA,https://www.ichiza.asia/recruit/,貴社が大切にされている「あなたの“想い”をカタチに」という言葉に、感銘を受けました。,WordPress実装やHTML/CSSでのデザイン再現を中心に、コーポレートサイト・採用サイト・LPを10〜30件ほど制作してきました。貴社のご制作をご一緒できればと思い、ご連絡いたしました。,直接引用（理念・想いページより）,あなたの“想い”をカタチに,"http://www.ichiza.asia/profile/ , https://www.ichiza.asia/",高
イル,https://il-design.jp/partner/,貴社が掲げる「確固たる信念をもちながら変幻自在に進化するクリエイティブ制作会社」という言葉に、強く共感いたしました。,コーポレートサイトや採用サイト・LP制作を中心に10〜30件ほど携わってきた者で、HTML/CSSでのデザイン再現とWordPress実装を得意としています。貴社のお力になれればと思い、ご連絡いたしました。,直接引用（理念・想いページより）,確固たる信念をもちながら変幻自在に進化するクリエイティブ制作会社,"https://il-design.jp/about/ , https://il-design.jp/",高
ヴァリエ,https://varie.co.jp/#partner,「お客様から本当に信頼していただけるパートナーになること」——貴社のこの一文を拝見し、心を動かされました。,コーポレートサイト・採用サイト・LP制作の実装（HTML/CSS・WordPress・JavaScript）を10〜30件ほど経験してきました。貴社のものづくりに少しでもお役に立てればと思い、ご連絡差し上げました。,直接引用（理念・想いページより）,お客様から本当に信頼していただけるパートナーになること,"https://varie.co.jp/ , https://www.biz.ne.jp/corporation/72942/",高
SEデザイン,https://www.sedesign.co.jp/contact-partnership/,貴社の「テクノロジーの価値が正しく理解され、誰もが活用できる社会を目指す」というお考えを拝見し、素直に惹かれました。,WordPress実装やHTML/CSSでのデザイン再現を中心に、コーポレートサイト・採用サイト・LPを10〜30件ほど制作してきました。貴社のご制作をご一緒できればと思い、ご連絡いたしました。,直接引用（理念・想いページより）,テクノロジーの価値が正しく理解され、誰もが活用できる社会を目指す,"https://www.sedesign.co.jp/company/ , https://web-kanji.com/companies/sedesign",高
SD WEBWORKS,https://sd-webworks.com/partner/,「成果を出すWebサイトのご提案をさせていただきます」という貴社の言葉に、深く共感いたしました。,コーポレートサイトや採用サイト・LP制作を中心に10〜30件ほど携わってきた者で、HTML/CSSでのデザイン再現とWordPress実装を得意としています。貴社のお力になれればと思い、ご連絡いたしました。,直接引用（理念・想いページより）,成果を出すWebサイトのご提案をさせていただきます,"https://sd-webworks.com/about/ , https://web-kanji.com/companies/sd-webworks",高
エッコ,https://ecco.co.jp/partner/,貴社が大切にされている「理想をカタチにする会社」という言葉に、感銘を受けました。,コーポレートサイト・採用サイト・LP制作の実装（HTML/CSS・WordPress・JavaScript）を10〜30件ほど経験してきました。貴社のものづくりに少しでもお役に立てればと思い、ご連絡差し上げました。,直接引用（理念・想いページより）,理想をカタチにする会社,"https://ecco.co.jp/company/about/ , https://ecco.co.jp/company/message/",高
エルア,https://elua.jp/recruit/,貴社が掲げる「at WEB」という言葉に、強く共感いたしました。,WordPress実装やHTML/CSSでのデザイン再現を中心に、コーポレートサイト・採用サイト・LPを10〜30件ほど制作してきました。貴社のご制作をご一緒できればと思い、ご連絡いたしました。,直接引用（理念・想いページより）,at WEB,"https://elua.jp/ , https://prtimes.jp/main/html/rd/p/000000001.000088777.html",高
オレンジ社,https://www.orange-sha.co.jp/partner/,「お客様の外国語コミュニケーションの課題解決に貢献し続ける」——貴社のこの一文を拝見し、心を動かされました。,コーポレートサイトや採用サイト・LP制作を中心に10〜30件ほど携わってきた者で、HTML/CSSでのデザイン再現とWordPress実装を得意としています。貴社のお力になれればと思い、ご連絡いたしました。,直接引用（理念・想いページより）,お客様の外国語コミュニケーションの課題解決に貢献し続ける,"https://www.orange-sha.co.jp/company/ , https://www.orange-sha.co.jp/business/web/",高
カズミア,https://www.kazmia.jp/partner/,貴社の「“ものづくり”を通して、あなたと誰かの“ものがたり”に寄り添う会社でありたい」というお考えを拝見し、素直に惹かれました。,コーポレートサイト・採用サイト・LP制作の実装（HTML/CSS・WordPress・JavaScript）を10〜30件ほど経験してきました。貴社のものづくりに少しでもお役に立てればと思い、ご連絡差し上げました。,直接引用（理念・想いページより）,“ものづくり”を通して、あなたと誰かの“ものがたり”に寄り添う会社でありたい,"https://www.kazmia.jp/about/ , https://www.kazmia.co.jp/company/overview/",高
グッドラフ,https://goodlaugh.co.jp/recruit/,「お客様の心をつかむ・集客するホームページ制作」という貴社の言葉に、深く共感いたしました。,WordPress実装やHTML/CSSでのデザイン再現を中心に、コーポレートサイト・採用サイト・LPを10〜30件ほど制作してきました。貴社のご制作をご一緒できればと思い、ご連絡いたしました。,直接引用（理念・想いページより）,お客様の心をつかむ・集客するホームページ制作,"https://goodlaugh.co.jp/aboutus/ , https://prtimes.jp/main/html/rd/p/000000059.000172540.html",高
GRAPHITICA（グラフィティカ）,https://graphitica.com/partner/,貴社が大切にされている「Design all things」という言葉に、感銘を受けました。,コーポレートサイトや採用サイト・LP制作を中心に10〜30件ほど携わってきた者で、HTML/CSSでのデザイン再現とWordPress実装を得意としています。貴社のお力になれればと思い、ご連絡いたしました。,直接引用（理念・想いページより）,Design all things,"https://graphitica.com/profile/ , https://graphitica.com/partner/",高
GRAPHIC WAVE（グラフィック ウェイヴ）,https://www.graphicwave.jp/recruit/,貴社が掲げる「デザインの力で新しい価値を創造する『夢のある会社」という言葉に、強く共感いたしました。,コーポレートサイト・採用サイト・LP制作の実装（HTML/CSS・WordPress・JavaScript）を10〜30件ほど経験してきました。貴社のものづくりに少しでもお役に立てればと思い、ご連絡差し上げました。,直接引用（理念・想いページより）,デザインの力で新しい価値を創造する『夢のある会社,"https://www.graphicwave.jp/aboutus/ , https://www.creators-station.jp/interview/legends/37309",高
クリップ（Qlip）,https://www.qlip.co.jp/partner/#job01,「同じ時代を生きる人が、志を追いかけ、人生に没頭できる世界をつくる」——貴社のこの一文を拝見し、心を動かされました。,WordPress実装やHTML/CSSでのデザイン再現を中心に、コーポレートサイト・採用サイト・LPを10〜30件ほど制作してきました。貴社のご制作をご一緒できればと思い、ご連絡いたしました。,直接引用（理念・想いページより）,同じ時代を生きる人が、志を追いかけ、人生に没頭できる世界をつくる,"https://www.qlip.co.jp/about/ , https://www.qlip.co.jp/",高
クロスシード,https://x-seed.co.jp/partner/,貴社が社員ではなくフリーランスのプロデューサー・ディレクター・エンジニアで組織を構成されていることを拝見し、大変興味を持ちました。,コーポレートサイトや採用サイト・LP制作を中心に10〜30件ほど携わってきた者で、HTML/CSSでのデザイン再現とWordPress実装を得意としています。貴社のお力になれればと思い、ご連絡いたしました。,事実ベース（要約・引用ではない）,社員ではなくフリーランスのプロデューサー・ディレクター・エンジニアで組織を構成されている,"https://x-seed.co.jp/ , https://baseconnect.in/companies/21f23605-799f-4a1f-85dd-cbca4feeb7b0",高
桑原敬事務所（Web Company）,https://www.web-company.jp/recruit/partner/,貴社が福岡の小規模事務所でありながら、Yahoo・Google・福岡タワーといった実績を積み重ねてこられたと知り、ぜひご一緒したいと感じました。,コーポレートサイト・採用サイト・LP制作の実装（HTML/CSS・WordPress・JavaScript）を10〜30件ほど経験してきました。貴社のものづくりに少しでもお役に立てればと思い、ご連絡差し上げました。,事実ベース（要約・引用ではない）,福岡の小規模事務所でありながら、Yahoo・Google・福岡タワーといった実績を積み重ねてこられた,"https://www.web-company.jp/company/ , https://www.web-company.jp/case/",高
ケー・アンド・エフ コンピュータサービス,https://www.kfcs.co.jp/partner/,貴社が大切にされている「最先端よりも、最前線を」という言葉に、感銘を受けました。,WordPress実装やHTML/CSSでのデザイン再現を中心に、コーポレートサイト・採用サイト・LPを10〜30件ほど制作してきました。貴社のご制作をご一緒できればと思い、ご連絡いたしました。,直接引用（理念・想いページより）,最先端よりも、最前線を,"https://kfcs.co.jp/ , https://blog.nagano-ken.jp/nagachi/commerce-tourism/9726.html",高
原色美術印刷社（MEDIA LABO.）,https://www.media-labo.biz/contact/mail.cgi?id=staff,貴社が掲げる「集客・販売促進のプロ集団」という言葉に、強く共感いたしました。,コーポレートサイトや採用サイト・LP制作を中心に10〜30件ほど携わってきた者で、HTML/CSSでのデザイン再現とWordPress実装を得意としています。貴社のお力になれればと思い、ご連絡いたしました。,直接引用（理念・想いページより）,集客・販売促進のプロ集団,"https://www.media-labo.biz/outline.html , https://www.genshoku.co.jp/company/index.html",高
ゴーメディア,https://gomedia.jp/partner/,貴社がSEOを強みに札幌から全国のクライアントを支援し、副業での関わり方も歓迎されていると知り、ぜひご一緒したいと感じました。,コーポレートサイト・採用サイト・LP制作の実装（HTML/CSS・WordPress・JavaScript）を10〜30件ほど経験してきました。貴社のものづくりに少しでもお役に立てればと思い、ご連絡差し上げました。,事実ベース（要約・引用ではない）,SEOを強みに札幌から全国のクライアントを支援し、副業での関わり方も歓迎されている,"https://gomedia.jp/ , https://web-kanji.com/companies/gomedia",高
ゴッタライド,https://www.gotta-ride.com/partner,貴社の「ホームページを通じて、『Make Happiness」というお考えを拝見し、素直に惹かれました。,WordPress実装やHTML/CSSでのデザイン再現を中心に、コーポレートサイト・採用サイト・LPを10〜30件ほど制作してきました。貴社のご制作をご一緒できればと思い、ご連絡いたしました。,直接引用（理念・想いページより）,ホームページを通じて、『Make Happiness,"https://www.gotta-ride.com/company , https://www.gotta-ride.com/",高
コモテック,https://comotec.ne.jp/partner/,「一人ではできないことも、チームだからできることに。人の力とAIでチームを強く」という貴社の言葉に、深く共感いたしました。,コーポレートサイトや採用サイト・LP制作を中心に10〜30件ほど携わってきた者で、HTML/CSSでのデザイン再現とWordPress実装を得意としています。貴社のお力になれればと思い、ご連絡いたしました。,直接引用（理念・想いページより）,一人ではできないことも、チームだからできることに。人の力とAIでチームを強く,"https://www.comotec.ne.jp/company/ , https://www.comotec.ne.jp/",高
三幸企画,https://www.sankokikaku.co.jp/recruit/partner/,貴社が大切にされている「お客様の売上に貢献すること」という言葉に、感銘を受けました。,コーポレートサイト・採用サイト・LP制作の実装（HTML/CSS・WordPress・JavaScript）を10〜30件ほど経験してきました。貴社のものづくりに少しでもお役に立てればと思い、ご連絡差し上げました。,直接引用（理念・想いページより）,お客様の売上に貢献すること,"https://sankokikaku.co.jp/company/ , https://sankokikaku.co.jp/",高
サンヨー,https://www.sanyo-grp.co.jp/recruit/,貴社が1955年の設立以来、化粧品・美容医療からゲーム・アニメ、学校・教育まで幅広い分野を手がけてこられた点に、強く惹かれました。,WordPress実装やHTML/CSSでのデザイン再現を中心に、コーポレートサイト・採用サイト・LPを10〜30件ほど制作してきました。貴社のご制作をご一緒できればと思い、ご連絡いたしました。,事実ベース（要約・引用ではない）,1955年の設立以来、化粧品・美容医療からゲーム・アニメ、学校・教育まで幅広い分野を手がけてこられた,"https://www.sanyo-grp.co.jp/info/company-profile/ , https://www.sanyo-grp.co.jp/",高
シェアコーポレーション,https://www.cher-corp.com/#section4,「ビジョンをシェアする」——貴社のこの一文を拝見し、心を動かされました。,コーポレートサイトや採用サイト・LP制作を中心に10〜30件ほど携わってきた者で、HTML/CSSでのデザイン再現とWordPress実装を得意としています。貴社のお力になれればと思い、ご連絡いたしました。,直接引用（理念・想いページより）,ビジョンをシェアする,"https://www.cher-corp.com/ , https://web-kanji.com/companies/cher-corp",高
ジェー・ピー・シー（JPC）,https://www.jpc-ltd.co.jp/contents/friend/,貴社の「ONE STOP PROMOTION」というお考えを拝見し、素直に惹かれました。,コーポレートサイト・採用サイト・LP制作の実装（HTML/CSS・WordPress・JavaScript）を10〜30件ほど経験してきました。貴社のものづくりに少しでもお役に立てればと思い、ご連絡差し上げました。,直接引用（理念・想いページより）,ONE STOP PROMOTION,"https://www.jpc-ltd.co.jp/company/ , https://web-kanji.com/companies/jpc-ltd",高
シシハクト,https://shishihakuto.co.jp/contact/partner/,「獅子捕兎（シシハクト）」という貴社の言葉に、深く共感いたしました。,WordPress実装やHTML/CSSでのデザイン再現を中心に、コーポレートサイト・採用サイト・LPを10〜30件ほど制作してきました。貴社のご制作をご一緒できればと思い、ご連絡いたしました。,直接引用（理念・想いページより）,獅子捕兎（シシハクト）,"https://shishihakuto.co.jp/company/ , https://shishihakuto.co.jp/about/",高
シスコム,https://www.gohp.jp/overview/partner/,貴社が大切にされている「ホームページ（Webサイト）は目的を達成するための手段の一つであり、どう活用するかが重要」という言葉に、感銘を受けました。,コーポレートサイトや採用サイト・LP制作を中心に10〜30件ほど携わってきた者で、HTML/CSSでのデザイン再現とWordPress実装を得意としています。貴社のお力になれればと思い、ご連絡いたしました。,直接引用（理念・想いページより）,ホームページ（Webサイト）は目的を達成するための手段の一つであり、どう活用するかが重要,"https://www.gohp.jp/overview/ , https://www.gohp.jp/strength/",高
システム・アシスト,https://www.system-assist.com/partner/,貴社が掲げる「Assist your dreams!」という言葉に、強く共感いたしました。,コーポレートサイト・採用サイト・LP制作の実装（HTML/CSS・WordPress・JavaScript）を10〜30件ほど経験してきました。貴社のものづくりに少しでもお役に立てればと思い、ご連絡差し上げました。,直接引用（理念・想いページより）,Assist your dreams!,"https://www.system-assist.com/aboutus , https://www.system-assist.com/",高
システムクエスト（コーディング工房）,https://coding-kobo.com/contact/partner,「人を大切にするIT企業」——貴社のこの一文を拝見し、心を動かされました。,WordPress実装やHTML/CSSでのデザイン再現を中心に、コーポレートサイト・採用サイト・LPを10〜30件ほど制作してきました。貴社のご制作をご一緒できればと思い、ご連絡いたしました。,直接引用（理念・想いページより）,人を大切にするIT企業,"https://www.s-quest.co.jp/company/ , https://coding-kobo.com/company",高
ショウイン,https://www.showin.co.jp/create_partner/,貴社の「自立学習こそ本物教育」というお考えを拝見し、素直に惹かれました。,コーポレートサイトや採用サイト・LP制作を中心に10〜30件ほど携わってきた者で、HTML/CSSでのデザイン再現とWordPress実装を得意としています。貴社のお力になれればと思い、ご連絡いたしました。,直接引用（理念・想いページより）,自立学習こそ本物教育,"https://www.showin.co.jp/gaiyo/ , https://www.showin-fc.jp/greeting/",高
スイッチ,https://switch.am/partners-contact/,「既存の価値観にとらわれることなく、まっさらな想いで発想をスイッチすることを大切にしている」という貴社の言葉に、深く共感いたしました。,コーポレートサイト・採用サイト・LP制作の実装（HTML/CSS・WordPress・JavaScript）を10〜30件ほど経験してきました。貴社のものづくりに少しでもお役に立てればと思い、ご連絡差し上げました。,直接引用（理念・想いページより）,既存の価値観にとらわれることなく、まっさらな想いで発想をスイッチすることを大切にしている,"https://switch.am/company/ , https://switch.am/service/",高
スタニング,https://stunning-inc.jp/,貴社がメーカーや商社、広告代理店など、企業間の橋渡しとなる仕事を数多く手がけられている点に、強く惹かれました。,WordPress実装やHTML/CSSでのデザイン再現を中心に、コーポレートサイト・採用サイト・LPを10〜30件ほど制作してきました。貴社のご制作をご一緒できればと思い、ご連絡いたしました。,事実ベース（要約・引用ではない）,メーカーや商社、広告代理店など、企業間の橋渡しとなる仕事を数多く手がけられている,"https://stunning.co.jp/corporate/ , https://stunning-inc.jp/",高
すまいる住新,https://www.smile-j.jp/recruit02/,貴社が掲げる「お客様が集まった。使ってよかった」という言葉に、強く共感いたしました。,コーポレートサイトや採用サイト・LP制作を中心に10〜30件ほど携わってきた者で、HTML/CSSでのデザイン再現とWordPress実装を得意としています。貴社のお力になれればと思い、ご連絡いたしました。,直接引用（理念・想いページより）,お客様が集まった。使ってよかった,"https://smile-j.jp/outline , https://smile-j.jp/message01",高
創童舎,https://www.smteb.com/sodosha/recruit/,「多様なクリエイティブの力で、地域にある様々な事業を事業発信・推進のお手伝いをする」——貴社のこの一文を拝見し、心を動かされました。,コーポレートサイト・採用サイト・LP制作の実装（HTML/CSS・WordPress・JavaScript）を10〜30件ほど経験してきました。貴社のものづくりに少しでもお役に立てればと思い、ご連絡差し上げました。,直接引用（理念・想いページより）,多様なクリエイティブの力で、地域にある様々な事業を事業発信・推進のお手伝いをする,"https://sodosha.jp/ , https://baseconnect.in/companies/05032f27-bc60-4709-a63f-7a81da71000d",高
ダブルアールジー（RRG）,https://www.rrg.jp/outsourcing/,貴社が90年代のインターネット黎明期からのメンバーが中心となり、フリーランスチームから法人化された点に、強く惹かれました。,WordPress実装やHTML/CSSでのデザイン再現を中心に、コーポレートサイト・採用サイト・LPを10〜30件ほど制作してきました。貴社のご制作をご一緒できればと思い、ご連絡いたしました。,事実ベース（要約・引用ではない）,90年代のインターネット黎明期からのメンバーが中心となり、フリーランスチームから法人化された,"https://www.rrg.jp/ , https://web-kanji.com/posts/rrg-interview",高
チビコ（CHIBICO）,https://chibico.co.jp/partner/,貴社がCI/VIやデザインガイドラインの策定から手がける、少数精鋭のブランディング会社でいらっしゃることを拝見し、大変興味を持ちました。,コーポレートサイトや採用サイト・LP制作を中心に10〜30件ほど携わってきた者で、HTML/CSSでのデザイン再現とWordPress実装を得意としています。貴社のお力になれればと思い、ご連絡いたしました。,事実ベース（要約・引用ではない）,CI/VIやデザインガイドラインの策定から手がける、少数精鋭のブランディング会社でいらっしゃる,"https://chibico.co.jp/about/ , https://web-kanji.com/companies/chibico",高
ディスプレイ（DISPLAY）,https://dis-play.net/recruit/,貴社がご自身を山岳ガイドになぞらえ、不確実な時代をデザインの力で導く役割を掲げていらっしゃると知り、ぜひご一緒したいと感じました。,コーポレートサイト・採用サイト・LP制作の実装（HTML/CSS・WordPress・JavaScript）を10〜30件ほど経験してきました。貴社のものづくりに少しでもお役に立てればと思い、ご連絡差し上げました。,事実ベース（要約・引用ではない）,ご自身を山岳ガイドになぞらえ、不確実な時代をデザインの力で導く役割を掲げていらっしゃる,"https://dis-play.net/company/ , https://dis-play.net/recruit/message/",高
TYRANNO CREATIVE ARTS,https://tyranno-ca.co.jp/recruit/,貴社が掲げる「仕事の本質的な価値を発掘するWeb制作会社」という言葉に、強く共感いたしました。,WordPress実装やHTML/CSSでのデザイン再現を中心に、コーポレートサイト・採用サイト・LPを10〜30件ほど制作してきました。貴社のご制作をご一緒できればと思い、ご連絡いたしました。,直接引用（理念・想いページより）,仕事の本質的な価値を発掘するWeb制作会社,"https://tyranno-ca.co.jp/company/overview/ , https://attaka-saitama.com/philosophy-tyranno-creative-arts/",高
デザイン情報,https://diinc.co.jp/recruit-partner/,「お客様の成功に貢献する」——貴社のこの一文を拝見し、心を動かされました。,コーポレートサイトや採用サイト・LP制作を中心に10〜30件ほど携わってきた者で、HTML/CSSでのデザイン再現とWordPress実装を得意としています。貴社のお力になれればと思い、ご連絡いたしました。,直接引用（理念・想いページより）,お客様の成功に貢献する,"https://diinc.co.jp/company/about-us/ , https://diinc.co.jp/company/message/",高
12Grid（トゥエルブグリッド）,https://12grid.co.jp/partner/,貴社の「北海道を代表するWEBシステム開発会社になる」というお考えを拝見し、素直に惹かれました。,コーポレートサイト・採用サイト・LP制作の実装（HTML/CSS・WordPress・JavaScript）を10〜30件ほど経験してきました。貴社のものづくりに少しでもお役に立てればと思い、ご連絡差し上げました。,直接引用（理念・想いページより）,北海道を代表するWEBシステム開発会社になる,"https://12grid.co.jp/company , https://12grid.co.jp/about/",高
トップ,https://topweb.co.jp/partners/,貴社がウェブ解析士マスターの資格を持つ代表のもと、制作だけでなく解析・改善提案まで一貫して取り組まれている点に、強く惹かれました。,WordPress実装やHTML/CSSでのデザイン再現を中心に、コーポレートサイト・採用サイト・LPを10〜30件ほど制作してきました。貴社のご制作をご一緒できればと思い、ご連絡いたしました。,事実ベース（要約・引用ではない）,ウェブ解析士マスターの資格を持つ代表のもと、制作だけでなく解析・改善提案まで一貫して取り組まれている,"https://topweb.co.jp/company/ , https://topweb.co.jp/",高
トライス,https://trais.co.jp/partner/,貴社が大切にされている「毎日を楽しく前向きに」という言葉に、感銘を受けました。,コーポレートサイトや採用サイト・LP制作を中心に10〜30件ほど携わってきた者で、HTML/CSSでのデザイン再現とWordPress実装を得意としています。貴社のお力になれればと思い、ご連絡いたしました。,直接引用（理念・想いページより）,毎日を楽しく前向きに,"https://trais.co.jp/ , https://www.biz.ne.jp/corporation/27140/",高
トリム（trim）,http://www.trimdesign.co.jp/recruit.html,貴社が掲げる「お客さまのお困りごとを共に解決することで成長を続けている」という言葉に、強く共感いたしました。,コーポレートサイト・採用サイト・LP制作の実装（HTML/CSS・WordPress・JavaScript）を10〜30件ほど経験してきました。貴社のものづくりに少しでもお役に立てればと思い、ご連絡差し上げました。,直接引用（理念・想いページより）,お客さまのお困りごとを共に解決することで成長を続けている,"http://trimdesign.co.jp/company.html , https://web-kanji.com/companies/trimdesign",高
日本産業広告社（JIA）,https://www.jia.co.jp/recruitment.html,「未来常識を創造するミラクルアドベンチャー企業になる！」——貴社のこの一文を拝見し、心を動かされました。,WordPress実装やHTML/CSSでのデザイン再現を中心に、コーポレートサイト・採用サイト・LPを10〜30件ほど制作してきました。貴社のご制作をご一緒できればと思い、ご連絡いたしました。,直接引用（理念・想いページより）,未来常識を創造するミラクルアドベンチャー企業になる！,"https://jia.co.jp/about.html , https://jia.co.jp/strong.html",高
ノーサイド,http://www.noside.vc/recruit/external.html,貴社の「良質なクリエイティブは人を幸せにする」というお考えを拝見し、素直に惹かれました。,コーポレートサイトや採用サイト・LP制作を中心に10〜30件ほど携わってきた者で、HTML/CSSでのデザイン再現とWordPress実装を得意としています。貴社のお力になれればと思い、ご連絡いたしました。,直接引用（理念・想いページより）,良質なクリエイティブは人を幸せにする,"https://www.noside.vc/company/ , http://www.noside.vc/recruit/",高
ノーツデザインオフィス（NDO）,https://www.notes-design.co.jp/partner/,「『デザインのチカラ」という貴社の言葉に、深く共感いたしました。,コーポレートサイト・採用サイト・LP制作の実装（HTML/CSS・WordPress・JavaScript）を10〜30件ほど経験してきました。貴社のものづくりに少しでもお役に立てればと思い、ご連絡差し上げました。,直接引用（理念・想いページより）,『デザインのチカラ,"https://www.notes-design.co.jp/creator/ , https://note.com/notes_design/n/naa214673ac46",高
ぱあとわん,http://www.part-one.jp/job/,貴社が大切にされている「常に新しい技術を取り入れ、新しいモノに挑戦し“かたち”にする」という言葉に、感銘を受けました。,WordPress実装やHTML/CSSでのデザイン再現を中心に、コーポレートサイト・採用サイト・LPを10〜30件ほど制作してきました。貴社のご制作をご一緒できればと思い、ご連絡いたしました。,直接引用（理念・想いページより）,常に新しい技術を取り入れ、新しいモノに挑戦し“かたち”にする,"http://www.part-one.jp/profile/ , https://www.part-one.jp/",高
バウハウス（マイモール事業部）,https://www.mymall.co.jp/production-partners,貴社が掲げる「クライアントの事業の支えとなるために、最も適したWebサイトの形を提案することを最優先する」という言葉に、強く共感いたしました。,コーポレートサイトや採用サイト・LP制作を中心に10〜30件ほど携わってきた者で、HTML/CSSでのデザイン再現とWordPress実装を得意としています。貴社のお力になれればと思い、ご連絡いたしました。,直接引用（理念・想いページより）,クライアントの事業の支えとなるために、最も適したWebサイトの形を提案することを最優先する,"https://www.mymall.co.jp/about , https://www.mymall.co.jp/",高
バルクライン,https://balquline.co.jp/#sec06,貴社が空間デザインとWebデザインを両輪に持ち、東京・名古屋・福岡の3拠点で事業を展開されていると知り、ぜひご一緒したいと感じました。,コーポレートサイト・採用サイト・LP制作の実装（HTML/CSS・WordPress・JavaScript）を10〜30件ほど経験してきました。貴社のものづくりに少しでもお役に立てればと思い、ご連絡差し上げました。,事実ベース（要約・引用ではない）,空間デザインとWebデザインを両輪に持ち、東京・名古屋・福岡の3拠点で事業を展開されている,"https://balquline.co.jp/ , https://baseconnect.in/companies/c43ffce7-d58e-479a-beb3-5b77453d3b32",高
バレンサー,https://balencer.jp/join/,貴社の「For Loved Ones. 大切な人のためにどこまでも。」というお考えを拝見し、素直に惹かれました。,WordPress実装やHTML/CSSでのデザイン再現を中心に、コーポレートサイト・採用サイト・LPを10〜30件ほど制作してきました。貴社のご制作をご一緒できればと思い、ご連絡いたしました。,直接引用（理念・想いページより）,For Loved Ones. 大切な人のためにどこまでも。,"https://balencer.jp/about/ , https://web-kanji.com/companies/balencer",高
ピーシースタイル,https://pc-style.co.jp/partner.html,「ITを通じて『人」という貴社の言葉に、深く共感いたしました。,コーポレートサイトや採用サイト・LP制作を中心に10〜30件ほど携わってきた者で、HTML/CSSでのデザイン再現とWordPress実装を得意としています。貴社のお力になれればと思い、ご連絡いたしました。,直接引用（理念・想いページより）,ITを通じて『人,"https://pc-style.co.jp/ , https://web.pc-style.co.jp/",高
ビィー・プランニング,https://www.beplanning.co.jp/recruit/entry/entryform2.html,貴社が大切にされている「少数精鋭！ヒカル企業！」という言葉に、感銘を受けました。,コーポレートサイト・採用サイト・LP制作の実装（HTML/CSS・WordPress・JavaScript）を10〜30件ほど経験してきました。貴社のものづくりに少しでもお役に立てればと思い、ご連絡差し上げました。,直接引用（理念・想いページより）,少数精鋭！ヒカル企業！,"https://www.beplanning.co.jp/about/ , https://web-kanji.com/companies/beplanning",高
Hikidashi,https://hiki-dashi.jp/contact/recruit-form/,貴社が掲げる「メンバーそれぞれが持つ“引き出し”を使って、本質を最大限に引き出すこと」という言葉に、強く共感いたしました。,WordPress実装やHTML/CSSでのデザイン再現を中心に、コーポレートサイト・採用サイト・LPを10〜30件ほど制作してきました。貴社のご制作をご一緒できればと思い、ご連絡いたしました。,直接引用（理念・想いページより）,メンバーそれぞれが持つ“引き出し”を使って、本質を最大限に引き出すこと,"https://hiki-dashi.jp/ , https://hiki-dashi.jp/service/",高
フィールビー,https://feelbee.jp/partners,「Boost Up!! Your Business Growth.」——貴社のこの一文を拝見し、心を動かされました。,コーポレートサイトや採用サイト・LP制作を中心に10〜30件ほど携わってきた者で、HTML/CSSでのデザイン再現とWordPress実装を得意としています。貴社のお力になれればと思い、ご連絡いたしました。,直接引用（理念・想いページより）,Boost Up!! Your Business Growth.,"https://feelbee.jp/about , https://feelbee.jp/",高
フードページ,https://food-page.com/?page_id=2984,貴社の「美味しそう、食べたい！」というお考えを拝見し、素直に惹かれました。,コーポレートサイト・採用サイト・LP制作の実装（HTML/CSS・WordPress・JavaScript）を10〜30件ほど経験してきました。貴社のものづくりに少しでもお役に立てればと思い、ご連絡差し上げました。,直接引用（理念・想いページより）,美味しそう、食べたい！,"https://food-page.com/company-info/ , https://food-page.com/greetings/",高
フォノクラフト,https://phono.co.jp/partner/,「オープンソースWebアプリケーションのドレスアップカンパニー」という貴社の言葉に、深く共感いたしました。,WordPress実装やHTML/CSSでのデザイン再現を中心に、コーポレートサイト・採用サイト・LPを10〜30件ほど制作してきました。貴社のご制作をご一緒できればと思い、ご連絡いたしました。,直接引用（理念・想いページより）,オープンソースWebアプリケーションのドレスアップカンパニー,"https://phono.co.jp/company/ , https://phono.co.jp/partner/",高
フブキ,https://www.fubuki.com/partner/,貴社が大切にされている「コンサルタント、デザイナー、編集ライター、映像作家、マーケター」という言葉に、感銘を受けました。,コーポレートサイトや採用サイト・LP制作を中心に10〜30件ほど携わってきた者で、HTML/CSSでのデザイン再現とWordPress実装を得意としています。貴社のお力になれればと思い、ご連絡いたしました。,直接引用（理念・想いページより）,コンサルタント、デザイナー、編集ライター、映像作家、マーケター,"https://www.fubuki.biz/companyinfo , https://web-kanji.com/companies/fubuki",高
ブレーンセンター,https://saiyo.braincenter.co.jp/data/soho.html,貴社が1975年に出版社として創業され、IRやサステナビリティ広報という専門領域を早くから切り拓かれてきたと知り、ぜひご一緒したいと感じました。,コーポレートサイト・採用サイト・LP制作の実装（HTML/CSS・WordPress・JavaScript）を10〜30件ほど経験してきました。貴社のものづくりに少しでもお役に立てればと思い、ご連絡差し上げました。,事実ベース（要約・引用ではない）,1975年に出版社として創業され、IRやサステナビリティ広報という専門領域を早くから切り拓かれてきた,"https://www.braincenter.co.jp/company/ , https://www.braincenter.co.jp/company/history.html",高
ほむぺじ,https://homupeji.jp/partner/,「クオリティだけでは足りない。コンバージョンの良いデザインをつくることが大事」——貴社のこの一文を拝見し、心を動かされました。,WordPress実装やHTML/CSSでのデザイン再現を中心に、コーポレートサイト・採用サイト・LPを10〜30件ほど制作してきました。貴社のご制作をご一緒できればと思い、ご連絡いたしました。,直接引用（理念・想いページより）,クオリティだけでは足りない。コンバージョンの良いデザインをつくることが大事,"https://homupeji.jp/ , https://web-kanji.com/companies/homupeji",高
ボンデザイン,https://bondesign.jp/recruit/,貴社の「bondesign」というお考えを拝見し、素直に惹かれました。,コーポレートサイトや採用サイト・LP制作を中心に10〜30件ほど携わってきた者で、HTML/CSSでのデザイン再現とWordPress実装を得意としています。貴社のお力になれればと思い、ご連絡いたしました。,直接引用（理念・想いページより）,bondesign,"https://bondesign.jp/about/ , https://bondesign.jp/recruit/",高
マインドファクトリー,https://www.mindfactory.co.jp/company/recruitment,「Webを通して得られる『成果」という貴社の言葉に、深く共感いたしました。,コーポレートサイト・採用サイト・LP制作の実装（HTML/CSS・WordPress・JavaScript）を10〜30件ほど経験してきました。貴社のものづくりに少しでもお役に立てればと思い、ご連絡差し上げました。,直接引用（理念・想いページより）,Webを通して得られる『成果,"https://www.mindfactory.co.jp/company/overview , https://www.mindfactory.co.jp/about",高
マカヤ,https://www.macaya.jp/hp/partner/,貴社が大切にされている「じっくり！見やすい！はっぴぃ！」という言葉に、感銘を受けました。,WordPress実装やHTML/CSSでのデザイン再現を中心に、コーポレートサイト・採用サイト・LPを10〜30件ほど制作してきました。貴社のご制作をご一緒できればと思い、ご連絡いたしました。,直接引用（理念・想いページより）,じっくり！見やすい！はっぴぃ！,"https://www.macaya.jp/hp/about/ , https://www.macaya.jp/hp/company/",高
雅（Miyabi）,https://www.520328.jp/partner/,貴社が掲げる「1社に1人のITコンサルタントを」という言葉に、強く共感いたしました。,コーポレートサイトや採用サイト・LP制作を中心に10〜30件ほど携わってきた者で、HTML/CSSでのデザイン再現とWordPress実装を得意としています。貴社のお力になれればと思い、ご連絡いたしました。,直接引用（理念・想いページより）,1社に1人のITコンサルタントを,"https://www.520328.jp/company/ , https://www.520328.jp/partner/",高
メディアファースト,https://media1st.net/lp/creator,「すべての人のやる気の歯車が噛み合い、世界を良い方にグングン動かしていける社会を作りたい」——貴社のこの一文を拝見し、心を動かされました。,コーポレートサイト・採用サイト・LP制作の実装（HTML/CSS・WordPress・JavaScript）を10〜30件ほど経験してきました。貴社のものづくりに少しでもお役に立てればと思い、ご連絡差し上げました。,直接引用（理念・想いページより）,すべての人のやる気の歯車が噛み合い、世界を良い方にグングン動かしていける社会を作りたい,"https://media1st.net/ , https://media1st.net/lp/creator",高
monomode（モノモード）,https://monomode.co.jp/news/information/partner.html,貴社の「創造を通じて新しい価値と文化を創る」というお考えを拝見し、素直に惹かれました。,WordPress実装やHTML/CSSでのデザイン再現を中心に、コーポレートサイト・採用サイト・LPを10〜30件ほど制作してきました。貴社のご制作をご一緒できればと思い、ご連絡いたしました。,直接引用（理念・想いページより）,創造を通じて新しい価値と文化を創る,"https://monomode.co.jp/ , https://prtimes.jp/main/html/rd/p/000000016.000059456.html",高
ライツワークス,https://reizworks.info/recruit/,「ライツ（Reiz）はドイツ語で『魅力的な、刺激的な」という貴社の言葉に、深く共感いたしました。,コーポレートサイトや採用サイト・LP制作を中心に10〜30件ほど携わってきた者で、HTML/CSSでのデザイン再現とWordPress実装を得意としています。貴社のお力になれればと思い、ご連絡いたしました。,直接引用（理念・想いページより）,ライツ（Reiz）はドイツ語で『魅力的な、刺激的な,"https://reizworks.info/company/ , https://reizworks.info/",高
ライトアップ,https://www.biz4.jp/partner,貴社が大切にされている「全国、全ての中小企業を黒字にする」という言葉に、感銘を受けました。,コーポレートサイト・採用サイト・LP制作の実装（HTML/CSS・WordPress・JavaScript）を10〜30件ほど経験してきました。貴社のものづくりに少しでもお役に立てればと思い、ご連絡差し上げました。,直接引用（理念・想いページより）,全国、全ての中小企業を黒字にする,"https://www.writeup.jp/company/ , https://www.biz4.jp/",高
ライム,https://www.lime78.co.jp/recruit,貴社が掲げる「Web事業部」という言葉に、強く共感いたしました。,WordPress実装やHTML/CSSでのデザイン再現を中心に、コーポレートサイト・採用サイト・LPを10〜30件ほど制作してきました。貴社のご制作をご一緒できればと思い、ご連絡いたしました。,直接引用（理念・想いページより）,Web事業部,"https://www.lime78.co.jp/ , https://web-kanji.com/companies/lime78",高
ラスホート,http://www.guidenet.jp/contact/art_touroku/mailform.php,「人と出会い繋がりを持ち、そこから何かの手助けがしたい」——貴社のこの一文を拝見し、心を動かされました。,コーポレートサイトや採用サイト・LP制作を中心に10〜30件ほど携わってきた者で、HTML/CSSでのデザイン再現とWordPress実装を得意としています。貴社のお力になれればと思い、ご連絡いたしました。,直接引用（理念・想いページより）,人と出会い繋がりを持ち、そこから何かの手助けがしたい,"https://lshort.jp/ , https://taitoku-web.net/",高
リード・サイン,https://rede-sign.jp/partner/,貴社の「ホームページやパンフレットの制作において、一番大切なものはコミュニケーションである」というお考えを拝見し、素直に惹かれました。,コーポレートサイト・採用サイト・LP制作の実装（HTML/CSS・WordPress・JavaScript）を10〜30件ほど経験してきました。貴社のものづくりに少しでもお役に立てればと思い、ご連絡差し上げました。,直接引用（理念・想いページより）,ホームページやパンフレットの制作において、一番大切なものはコミュニケーションである,"https://rede-sign.jp/partner/ , https://rede-sign.jp/",高
リバース,https://rebirth-ad.com/recruit/,「企業の理念や強み、ビジョンを整理し、ブランドとして社会に伝えるブランディングを支援する」という貴社の言葉に、深く共感いたしました。,WordPress実装やHTML/CSSでのデザイン再現を中心に、コーポレートサイト・採用サイト・LPを10〜30件ほど制作してきました。貴社のご制作をご一緒できればと思い、ご連絡いたしました。,直接引用（理念・想いページより）,企業の理念や強み、ビジョンを整理し、ブランドとして社会に伝えるブランディングを支援する,"https://rebirth-ad.com/about-us/ , https://rebirth-ad.com/codingservice/",高
リボンハーツクリエイティブ（RHC）,https://www.rhcnet.com/recruit/,貴社が大切にされている「真理と人生の目的のために働き、学び、そして遊べ」という言葉に、感銘を受けました。,コーポレートサイトや採用サイト・LP制作を中心に10〜30件ほど携わってきた者で、HTML/CSSでのデザイン再現とWordPress実装を得意としています。貴社のお力になれればと思い、ご連絡いたしました。,直接引用（理念・想いページより）,真理と人生の目的のために働き、学び、そして遊べ,"https://www.rhcnet.com/about/ , https://rhcnet.com/service/",高
Linqro（リンクロ）,https://www.linqro.jp/partner.html,貴社が掲げる「女性ならではの感性と知見を活かして広告デザインとサービスを創る」という言葉に、強く共感いたしました。,コーポレートサイト・採用サイト・LP制作の実装（HTML/CSS・WordPress・JavaScript）を10〜30件ほど経験してきました。貴社のものづくりに少しでもお役に立てればと思い、ご連絡差し上げました。,直接引用（理念・想いページより）,女性ならではの感性と知見を活かして広告デザインとサービスを創る,"https://linqro.jp/profile.html , https://linqro.jp/about.html",高
レイ・クリエーション,https://www.raycreation.co.jp/partner/,貴社が情報デザインという考え方を軸に、企業プレゼンテーションからホームページ制作まで手がけられている点に、強く惹かれました。,WordPress実装やHTML/CSSでのデザイン再現を中心に、コーポレートサイト・採用サイト・LPを10〜30件ほど制作してきました。貴社のご制作をご一緒できればと思い、ご連絡いたしました。,事実ベース（要約・引用ではない）,情報デザインという考え方を軸に、企業プレゼンテーションからホームページ制作まで手がけられている,"https://www.raycreation.co.jp/about/ , https://www.raycreation.co.jp/partner/",高
LEFANA（レファーナ）,https://lefana.net/recruit,"貴社が元・東京ガールズコレクションのブランドデザイナーによって創業され、5,000件以上の制作実績を積み重ねてこられたことを拝見し、大変興味を持ちました。",コーポレートサイトや採用サイト・LP制作を中心に10〜30件ほど携わってきた者で、HTML/CSSでのデザイン再現とWordPress実装を得意としています。貴社のお力になれればと思い、ご連絡いたしました。,事実ベース（要約・引用ではない）,"元・東京ガールズコレクションのブランドデザイナーによって創業され、5,000件以上の制作実績を積み重ねてこられた","https://www.lefana.net/company , https://web-kanji.com/companies/lefana",高
ロンキワ（RONKIWA）,https://www.ronkiwa.jp/blog/partner/,「テクノロジーとクリエイティビティで世界をより良くすること」という貴社の言葉に、深く共感いたしました。,コーポレートサイト・採用サイト・LP制作の実装（HTML/CSS・WordPress・JavaScript）を10〜30件ほど経験してきました。貴社のものづくりに少しでもお役に立てればと思い、ご連絡差し上げました。,直接引用（理念・想いページより）,テクノロジーとクリエイティビティで世界をより良くすること,"https://ronkiwa.jp/ , https://www.ronkiwa.jp/blog/ronkiwa-llc-kick-off/",高
ワンクルー（One-clue）,https://www.one-clue.com/recruit_free_coder/,貴社が仙台の女性クリエイターだけで制作チームを構成され、女性目線でのホームページ制作を手がけられている点に、強く惹かれました。,WordPress実装やHTML/CSSでのデザイン再現を中心に、コーポレートサイト・採用サイト・LPを10〜30件ほど制作してきました。貴社のご制作をご一緒できればと思い、ご連絡いたしました。,事実ベース（要約・引用ではない）,仙台の女性クリエイターだけで制作チームを構成され、女性目線でのホームページ制作を手がけられている,"https://www.one-clue.com/ , https://www.one-clue.com/service/",高
クミン,https://cumin.co.jp/news/91/,貴社が掲げる「“やわらか系”WEB会社」という言葉に、強く共感いたしました。,コーポレートサイトや採用サイト・LP制作を中心に10〜30件ほど携わってきた者で、HTML/CSSでのデザイン再現とWordPress実装を得意としています。貴社のお力になれればと思い、ご連絡いたしました。,直接引用（理念・想いページより）,“やわらか系”WEB会社,"https://cumin.co.jp/service/ , https://baseconnect.in/companies/5d10a322-1fb9-497e-b78b-eae98186b40e",高
