会社名	採用・募集要項から読めるリソース不足	直近の制作実績・技術傾向	社長・会社SNS／発信から読める現状	想定案件（自分が受けるなら）	工数（実働日）	見積金額（自社料金表ベース）	コーディングで貢献できる業務改善・売上貢献	次の一手	出典	情報確度
株式会社インフィニックス	公式採用ページで営業・デザイナーを募集。デジタルマーケ事業に加えデジタルセキュリティ事業でも人材募集予定。社員約10名に対しSEO/MEO/リスティング/HP制作/動画と守備範囲が広く、制作の実装工程は外部依存の構造。転職媒体側では募集停止が多く、正社員採用よりパートナー活用に寄っている。	SEO×AIO対策を看板に掲げるデジタルマーケ企業。HP制作・動画制作・風評被害対策・サイバー攻撃保守まで内包。制作物は自社集客商材と連動したコーポレート／LPが中心とみられ、アニメーション主体というよりSEO実装の質が問われるタイプ。	会社公式のX/Instagram/Facebook（infinix_sns）を運用。「SEO×AIO対策」を前面に出した打ち出しに更新しており、生成AI検索への対応を新商材化しようとしている段階。※シート備考に『役員がアカペラに興味あり』の記載あり＝関係構築の接点は既にある。	既存サイトの表示速度・構造化データ改善＋商材LPの継続制作	LP 3.5日／速度改善 20h（約3日）	LP ¥125,000（LP10,000px ¥100,000＋フォーム ¥20,000＋簡易アニメ ¥5,000）／速度・構造化データ改善 ¥60,000（¥3,000/h×20h）	『SEO×AIO』を掲げる以上、Core Web Vitals・セマンティックHTML・構造化データ（JSON-LD）・llms.txt相当の情報設計は“商品そのもの”。実装で数値（LCP/CLS/PageSpeedスコア）を出せる人間は、同社の提案書に貼れる成果物を作れる＝営業ツールを一緒に作る立場になれる。既存納品済みサイトを1本ベンチマークして改善前後スコアを出す無料デモが最短の売上貢献。	『次もお手伝いできそうな案件ありますか？』の定期打診に加え、既存納品サイト1本のPageSpeed／構造化データ診断を1枚にして送る	https://ifnx.co.jp/ , https://ifnx.co.jp/recruit/ , https://web-kanji.com/companies/ifnx , https://x.com/infinix_sns	中（代表者名が公開DB間で割れている。渋谷の別法人 infinix.co.jp と混同注意）
ISM株式会社	『High quality／Good service／Low cost』を掲げる＝原価を下げたい構造。同名企業が多く公開求人は特定困難だが、既にNDA締結・プラグイン導入相談まで進んでおり、社内の実装工数が足りていないサインが実際の商談で出ている。	WordPress中心。教育・エンタメ・ペット・歯科・健康・ファッションなど業種横断。SEOを意識したWordPress構築が主戦場で、アニメーション過多ではなく“堅く早く作る”タイプ。	公開SNSでの積極発信は確認できず。発信より受託の積み上げ型。『企業の想いをWeb・システムで表現』というコピーが唯一のスタンス表明。	静的コーディング＋WordPress化の一括請け（プラグイン導入・カスタムフィールド整備含む）	9.5日（静的5.0＋WP4.5）	合計 ¥343,000（静的5P一式 ¥165,000＋WP化一式 ¥178,000）／内訳：静的=トップ中¥60,000＋下層3¥45,000＋PP¥7,000＋ヘッダ¥12,000＋フッタ¥8,000＋フォーム¥20,000＋アニメ¥5,000＋スライダー¥8,000、WP=基本テンプレ¥70,000＋固定3¥30,000＋single¥15,000＋archive¥15,000＋CF7¥15,000＋パンくず¥5,000＋ページネーション¥5,000＋サーバ設定¥10,000＋マニュアル¥13,000	『Low cost』を守る側に立つ提案が刺さる。①自分側で共通スターターテーマを持ち、2件目以降のWP化を3割減で出す（相手の粗利が増える）②ACF設計をクライアント自身が更新できる粒度にして、公開後の“ちょっと直して”問い合わせを削減＝同社の保守工数を削る。値引きではなく原価構造を下げる話にすると単価を守ったまま継続化できる。	プラグイン導入相談を単発で終わらせず『2件目以降の割引テーブル（共通テーマ流用前提）』を提示して継続枠を取る	https://ism-tech.jp/ , https://web-kanji.com/companies/isminc , https://yuryoweb.com/company_info/ism%E6%A0%AA%E5%BC%8F%E4%BC%9A%E7%A4%BE/	中（同名企業が複数。ism-tech.jp 単体の実績詳細は要確認）
株式会社スタジオカレン	外部パートナー募集を出しており、条件が『中長期の固定額お支払い』『クライアント様先へ常駐できるWEB制作パートナー』。単発の外注ではなく“継続して張り付ける戦力”が足りていない。転職媒体側の正社員募集は動いておらず、社員採用より外部で埋める方針。	2005年からWeb制作、9,000超のサイト構築、うちEC 3,000超（楽天・Yahoo!ショッピング等のモールおよび各ASP）。コーポレート／採用／サービス／キャンペーンサイト＋広告運用・マーケまで。ECのHTML量産が体質になっているタイプで、1本の作り込みより回転数の勝負。	企業理念は『つくるっていいね』。代表個人の発信は確認できず、会社としても実績ボリューム型のアピールが中心。	準常駐の月額固定（週3〜4日）でEC・キャンペーンページのコーディングを巻き取る	週3日＝月12日／週4日＝月16日	週3日：¥252,000/月（¥3,000/h×7h×12日）／週4日：¥336,000/月（同×16日）※固定額前提なら ¥240,000〜¥300,000/月 で提示	9,000本・EC3,000本という母数は“同じ構造を何度も作っている”証拠。モール／ASP別のHTMLテンプレとセクション単位のコンポーネント集を自分側で整備し、1本あたりの制作時間を短縮して提出すると、固定額のまま処理本数が増える＝相手の粗利が直接増える。これは値引き交渉に一切入らずに評価が上がる唯一の型。	『常駐は難しいがフルリモートで週3〜4日の固定枠なら即入れる』とセットで、モール向けテンプレ化の提案を1枚添える	https://www.studiokaren.co.jp/company/ , https://www.atsoho.com/jobinfo/view/no-89477.html , https://web-kanji.com/companies/studiokaren , https://www.biz.ne.jp/company/studiokaren/	高（外部パートナー募集要項が実在）
ペブルコーポレーション株式会社	従業員68名でエンジニア職を継続採用（doda/type/engage/自社recruit）。募集はシステム／インフラ／AI寄りで、フロントエンド・マークアップ専任の募集は薄い＝Web表側の実装は社内優先度が低く外に出しやすい。	Web制作会社ではなくDX／AI／AWSのシステム開発企業。大手WEBアプリ開発、ビッグデータ解析、大規模業務システム、ゲーム開発。約7割が直請け。自社プロダクトに『みちクラ』（クラウド型自動道路検査維持システム）、『水まもり』（AI水位予測）。	2022年11月にNiX JAPAN（建設コンサル）100%子会社化。代表は川上信太郎。プレスリリース中心の発信で、2023年からAI事業を本格展開＝自社プロダクトの認知獲得フェーズ。	自社プロダクト（みちクラ／水まもり）のサービスサイト・LP、管理画面のフロント実装	LP 3.5日／サービスサイト5P 5.0日	LP ¥125,000／サービスサイト5P一式 ¥165,000／管理画面UI実装は ¥3,000/h の時間清算	自社プロダクトを持つシステム会社の典型的な穴は『エンジニアがフロントを片手間で書いていて、見た目と速度と保守性が犠牲になっている』こと。HTML/CSS/UIを切り出して巻き取れば、社内エンジニアの時間がバックエンドに戻る＝人月換算で効果を数字にできる。自治体・民間向けプロダクトなのでアクセシビリティ（JIS X 8341-3）対応も提案材料になる。	『みちクラ／水まもりのLP制作＋管理画面UIの外注』を切り口に再打診（Web制作会社としてではなく“フロント要員”として売り込む）	https://pebblecorp.co.jp/ , https://pebblecorp.co.jp/recruit/ , https://type.jp/job-company/32402/ , https://nix-japan.co.jp/news/20221222	高
株式会社プラセム	従業員31名。福岡でWEBデザイナー（LP・サイト制作／マーケ視点でのデザイン）を募集中。デザイナーは採るがコーディング専任の募集は見えない＝デザインは内製、実装は外に出す構造。人材紹介事業も自社で持つ会社が採用に出している＝本当に足りていない。	WEBコンサル（広告運用代行・SEO・アクセス解析）が主軸で、クリエイティブ制作としてサイト・LP・バナー・動画。Yahoo!広告運用認定パートナー、Google Partner、アイミツアワード2020で制作・SEO対策2部門受賞。広告運用が本業なのでLPの本数が回るタイプ。	Instagram @plusem_recruit で採用広報を運用し、社員のキャリアストーリーを発信。代表は川島裕司。福岡拠点でWEB＋人材＋不動産と多角化しており、人手が常に分散している。	広告用LPの継続制作（月2〜3本）	LP1本 3.5日／月3本で 10.5日	LP1本 ¥125,000／月3本 ¥375,000（継続前提なら初回価格 LP¥80,000＋フォーム¥16,000＝¥101,000 から入る手も）	広告運用会社にとってLPは在庫。刺さるのは制作の速さより『改善を回せる作り』。①セクション単位で差し替え・並び替えできるA/Bテスト前提のHTML構造 ②GTM/GA4のイベント計測タグを実装時に埋め込み、ヒートマップ用の要素IDを規約化。これで運用チームがコーダーを待たずに検証を回せる＝CPA改善＝広告予算の維持に直結する。運用会社に対しては『CVRを上げる実装』が最も分かりやすい売上貢献。	『LP量産＋計測タグ実装込み』の月額パッケージを提案。面談済み（2/27）なので実装サンプル1本を見せて再接触	https://plusem.co.jp/ , https://plusem.co.jp/recruit/ , https://plusem.co.jp/creative/ , https://www.instagram.com/plusem_recruit/	高
ゼロシード株式会社	正社員・アルバイト・業務委託・パートナーと全方位で募集。デジタルマーケ／クラウドアシスタント／人材紹介の3事業を抱えており、制作専任が薄い。実際に営業代行経由の接触後、先方から『Webサイト更新案件』の相談が来ている＝更新作業を回す手が足りていない。	自社サービス『MINIQUE』（住宅イベント・モデルハウス情報の特化型WEBサービス）を運営。受託は広告運用・SEO・WEBサイト改善のコンサル型で、作って終わりではなく改善を回すタイプ。	『デジタルの力で企業と人の可能性を最大化する』を軸に、アスリート人材紹介（agent.zeroxeed.co.jp）まで展開。2014年設立・渋谷。事業を広げ続けており、オペレーションが常に追いかけている状態。	MINIQUE等の継続更新＋改修、および受託サイトのLP制作	更新・改修 月10〜20h（1.5〜3日）／LP 3.5日	更新・改修 ¥30,000〜¥60,000/月（¥3,000/h）／LP ¥125,000	クラウドアシスタント事業＝非エンジニアのオペレーターを抱えている会社。だから『コーダーがいないと直せない箇所』を減らすことがそのまま相手の事業効率になる。更新頻度の高い箇所をCMS化・パーツ化して、オペレーターが触れる状態に作り替える提案は、自分の仕事を減らすように見えて実は“設計の仕事”として単価が上がる。MINIQUEのイベント情報は更新が命なので効果が出やすい。	『Webサイト更新案件』の相談を単発で受けず、更新箇所の棚卸し＋CMS化提案として見積を出す	https://zeroxeed.co.jp/ , https://zeroxeed.co.jp/about/ , https://career.levtech.jp/company/detail/13945/ , https://agent.zeroxeed.co.jp/	中
合同会社コトウリ	公開求人は確認できず。ただしHubSpot／Salesforce／Account Engagement を扱うMA支援会社で、LP改善・フォーム改善・シナリオ設計・スコアリングまで請けている＝コンサル側の人員に対し実装側が薄い典型。	MAツール上のLP・フォーム・メールが制作物の中心。コンテンツ制作、セミナー設計、コールセンター運営、研修まで。WordPress主体の制作会社とは技術スタックが違い、HubSpot/Pardot のテンプレート実装が要る。	代表者・SNSの一次情報は取れず。kotouri.jp（MA支援）と kotouri.com（大阪・ホームページ活用支援）、コトウリ株式会社（MEBIC掲載）の関係が不明瞭で、法人格の確認が先。	HubSpot/Pardot 上のLP・メールテンプレートのコーディング	LP 3.5日／メールHTML 1本 1.5日	LP ¥125,000／MAメールHTMLテンプレ 1本 ¥30,000（¥3,000/h×10h）／既存LPのフォーム改善 ¥20,000〜	MA支援会社の最大のボトルネックは『ツール上でHTMLを書ける人がいない』こと。HubSpotのモジュール化（ドラッグ&ドロップで組めるテンプレ）まで作れば、以降のLPを非エンジニアが量産できる。さらにフォーム改善はCVRが数字で出るため、売上貢献を報告書1枚で証明できる領域。MAツール経験を作れば自分側の希少性も上がるので、投資として合理的な相手。	まず法人格とドメインの対応関係を確認。その上で『HubSpotテンプレのモジュール化』を切り口に打診	https://kotouri.jp/ , https://kotouri.com/ , https://b2b-ch.infomart.co.jp/company/detail.page?IMCOMPANY=23304510 , https://www.mebic.com/cluster/kotouri.html	低（同名・類似ドメインが複数あり要確認）
株式会社GRACE	WEBデザイナーを募集（LP・Webサイトのデザイン＋進行管理／完全土日祝休・年間休日120日以上・残業ほぼ無し）。デザイナーに進行管理まで兼務させている＝制作リソースが薄い。コーダー職の募集は見当たらず外注前提。	リユース／ビジネスコンサル／DX推進／カフェレストランを持つ事業会社で、コンサル事業の中でコーポレート・LP・ECを制作。自社コーポレートサイトのリブランディングが Web Designing 2023年4月号 WD SELECTION に掲載（制作はRD Inc.）＝デザイン品質の基準が高い。	『世の中のあらゆるモノ・コト・ヒトに愛とアイデアで命を吹き込む再生カンパニー』。自社サイトを外部の実力派に発注して雑誌掲載まで取りに行く姿勢から、見た目の妥協を嫌う社風が読める。	デザイン重視のコーポレート／LPのコーディング（アニメーション多め）	7.0日	約 ¥250,000（トップ大¥110,000＋下層4¥60,000＋ヘッダ¥12,000＋フッタ¥8,000＋フォーム¥20,000＋簡易アニメ¥5,000＋スライダー¥8,000＋モーダル¥8,000＋アコーディオン¥5,000＋その他JS調整¥14,000）	雑誌掲載レベルのデザインを扱う会社に効くのは『崩さない』こと一点。Figmaの数値（余白・級数・行間）を1pxずれずに再現し、かつアニメーションを積んでもCore Web Vitalsを落とさない実装（IntersectionObserver＋CSS transform中心、GSAPは必要箇所だけ、画像はWebP＋遅延読込）ができると、デザイナーが進行管理から解放される。デザイナー1人あたりの担当本数が増える＝採用しなくても回る、が業務改善の言い方。	自社サイト（WD SELECTION掲載）を題材に『このレベルの再現＋速度両立』の実装デモを1セクション作って送る	https://gr1.jp/ , https://gr1.jp/recruit/ , https://gr1.jp/business/consulting/ , https://webdesignclip.com/gr1-jp/ , https://rd-inc.jp/work/grace/	中
株式会社Liments	Wantedlyで『創業3年目のベンチャーでスキルがどんどん身につく！WEB制作営業募集』等を掲出。募集の主軸は営業・ディレクション側で、制作はフリーランスコミュニティ『FSS』からの調達が前提。※シート上は既に「見送り」。	250超のサイト制作実績、大手上場企業サイトも担当。Web制作・Webマーケティングに加え、男性美容メディア、フリーランスコミュニティFSS運営、大学生による受験相談サービスと多角。制作は本数で回すタイプ。	代表は慶應卒→クルーズ株式会社を経て2017年に創業。Wantedly／オンリーストーリー等のメディア露出が多く、発信は採用と組織づくりに寄っている＝外注管理そのものが事業の一部。	受託案件のコーディング巻き取り（単発〜スポット）	5.0日	コーポレート5P一式 ¥165,000	外注コミュニティを自社で運営している＝彼らの本当の悩みは『品質のばらつきと手戻り』。刺さるのは腕の安さではなく、コーディング規約（命名規則・ディレクトリ構成・レスポンシブ基準・納品チェックリスト）をドキュメント込みで納品できること。FSSメンバーがそのまま使える標準を渡せば、同社の外注管理コストが下がる。ただし『見送り』済みなので優先度は下げ、他社実績が積み上がってから再打診が現実的。	今期は追わない。半年後にFSS向けのコーディング規約テンプレを手土産に再アプローチ	https://liments.co.jp/ , https://www.wantedly.com/projects/516018 , https://onlystory.co.jp/stories/1760 , https://web-kanji.com/companies/liments	中（見送り済のため優先度低）
株式会社bon	コーダー／Webディレクター求人の必須スキルに『HTML/CSS構築、Dreamweaverを用いたコーディング技術、WordPressによるサイト構築』を明記。従業員16名に対し製品サイト300件・コーポレート200件の実績量で、制作の手が慢性的に足りない。面談まで進んでいる（6/5）。	2013年設立、大阪中央区＋東京世田谷。企画→デザイン→制作→運用まで一貫。実績は製品/商品サイト300件、Web解析200件、Webコンサル200件、コーポレート200件。小田急電鉄のサービスサイトなど大手案件あり。WordPress構築とLPが主戦場。	代表は小川力也。求人票にDreamweaverが名指しで出てくる＝制作フローが旧いまま回っている可能性が高い。Web解析200件を掲げており、作るだけでなく数字を見る文化はある。	WordPress構築込みのコーポレートサイト一括	9.5日（静的5.0＋WP4.5）	合計 ¥343,000（静的5P ¥165,000＋WP化一式 ¥178,000）	Dreamweaver運用が残っているなら、Sass＋コンポーネント分割＋Git管理への移行が最も効く業務改善。いきなり全社移行を勧めるのではなく、自分の担当案件1本でその作り方を実践し、『同規模の次案件で制作時間が何%減ったか』を数字で出して型を渡す。Web解析200件の文化がある会社なので、数値で語れば通る。加えて計測タグ実装を標準化すれば解析事業の入り口も広がる＝売上貢献。	面談済みのため、初回案件を『試験的に1本』の名目で取りに行き、制作時間の実測レポートをセットで納品する	https://boninc.co.jp/ , https://www.find-job.net/list/j121236.html , https://web-kanji.com/companies/boninc , https://imitsu.jp/ct-hp-design/pr-osaka/ci-chuo/supplier/177038	高
株式会社フォーティファイヴ	募集は『経験ある企画編集者』『コンテンツWEBディレクター』でフルリモート可。足りていないのはコンテンツ側の頭脳で、コーディングは元々外注前提の体制。	企画・編集／取材・撮影／原稿執筆というコンテンツ制作が本体で、そこにWeb制作（デザイン・EC・CMS開発・運用保守）とフリーペーパー、メルマガ、社内報が乗る。オウンドメディア型の案件が多く、記事テンプレとCMSの作り込みが要る。	2009年設立、代表は阿部薫。大阪福島＋東京赤坂（公開情報では大阪本社。シートの横浜表記は要確認）。編集者をフルリモートで採る＝分散体制に慣れている＝外部パートナーと組みやすい。	オウンドメディアのWordPressテーマ実装＋記事用CSSコンポーネント整備	WPテーマ一式 5.0日／記事CSS 1.5日	WPテーマ一式 ¥178,000／記事用CSSコンポーネント ¥30,000（¥3,000/h×10h）	コンテンツ制作会社の本当のコストはライター・編集者の入稿工数。見出し・囲み記事・比較表・引用・CTA・画像キャプションをGutenbergのブロック（またはショートコード）として実装すれば、編集者がHTMLを触らずに記事の見栄えを作れる。記事1本あたり15分削減×月50本＝月12.5時間の削減、と数字で置ける。これは『安く作ります』より圧倒的に通る話。	『記事入稿を編集者だけで完結させるブロック実装』を切り口に、編集部門の課題としてアプローチ	https://www.0450.jp/ , https://www.0450.jp/about/ , https://www.0450.jp/recruit/ , https://web-kanji.com/companies/0450	中（本社所在地がシート記載と相違。要確認）
ティラノ・クリエイティブ・アーツ株式会社	『埼玉のWeb制作会社求人・採用・Webデザイナー・コーダー等のパートナー募集＜在宅・リモート可＞』という専用ページが実在。小規模組織で、外部パートナー前提の運営を明言している＝入り口が開いている。	コーポレート／サービス／採用サイトが強み。飲食店・製造業・スポーツ教室・ミシン店・英会話教室・リフォーム会社・美容室など地域中小が中心。コンセプトワークやビジョン策定から入るため、テキスト量の多い“読ませる”サイトが多い。	さいたま大宮の小規模制作会社。『想いを語る』を掲げ、フリーランスWEBデザイナー向けのブランド構築スクールも運営＝発信と教育に軸足があり、制作実務は手が回りにくい構造。埼玉の地域メディアにも取り上げられている。	採用サイト制作（WordPress化オプション付き）	静的6.5日／＋WP 4.0日	静的一式 ¥228,000（トップ大¥110,000＋下層4¥60,000＋ヘッダ¥12,000＋フッタ¥8,000＋フォーム¥20,000＋アニメ¥5,000＋スライダー¥8,000＋アコーディオン¥5,000）／WP化 ¥130,000	『想いを語る』＝長文コンテンツが命なのに、長文は最も離脱される。追従目次、読了プログレス、段落ごとのスクロール演出、モバイルの行間・級数設計で読了率を上げる実装は、同社の商品価値（想いが伝わるか）そのものを底上げする。演出を足しても速度を落とさない実装ができれば、地域中小のクライアントでも表示速度で他社と差がつく。	パートナー募集ページから応募し、既存実績1本の読了率改善案（追従目次＋速度）を添える	https://tyranno-ca.co.jp/ , https://tyranno-ca.co.jp/partner/ , https://tyranno-ca.co.jp/service/recruit-site/ , https://web-kanji.com/companies/tyranno-ca	高（パートナー募集ページが実在）
株式会社サーカス	『業務急拡張に伴いデザイナー・プログラマーを募集中』と明記（デザイナーは未経験可）。未経験可まで出しているのは、頭数が足りず育てる前提に切り替えている状態＝即戦力の外部は歓迎される可能性が高い。	1990年創業の大阪の広告制作会社。ホームページ、カタログ、パンフレットなど商業広告をワンストップ。『90%以上のソリューションをデジタルで内製処理』を掲げる内製主義。近年は SNS記事自動転載『Socialsync』、LLM対応SEO／AI自動SEO対策と、自社商材のデジタル化を進行中。	35年の老舗が『LLM対応SEO』『AI自動SEO』を打ち出し、同時に急拡張で人を募集している＝新商材に人を張り替えていて、既存の制作実務が空く局面。会社としての発信は商材寄り。	コーディングの常時受け（コーポレート／販促サイト）	5.0日〜	コーポレート5P一式 ¥165,000〜／継続前提なら初回価格適用で ¥132,000	『90%内製』を掲げる会社が外に出せる工程は限られるが、コーディングは最も切り出しやすい。加えて同社が売り出す“LLM対応SEO”は実装なしには成立しない：セマンティックHTML、構造化データ（JSON-LD）、見出し階層の整合、AI検索に拾われる情報設計。この実装標準を作れる人間が入れば、新商材の納品品質がそのまま上がる＝商材の売上に直結する。未経験デザイナーを採る前提の組織なので、実装ガイドを残せる人の価値は高い。	募集中の今が接触タイミング。『LLM対応SEOの実装側（構造化データ・セマンティックHTML）を担える』という切り口で打診	https://circus.ac/ , https://circus.ac/company/ , https://circus.ac/recruit/	高（募集中の記載が実在）
株式会社 C.D.UNITED	X（@cdunitedINFO）のアカウント名が『エンタメ大好きなwebディレクター募集中！』。Web制作進行管理スタッフ、Web制作オペレーター、総務事務を募集し、正社員登用実績も掲出。ディレクターとオペレーターの両方を募集＝案件量に対し処理側が不足。	創業24年、バンダイナムコグループがメインクライアント。ガンダム、アイドルマスター、呪術廻戦、鬼滅の刃、コードギアス、ワンピース、セーラームーン、聖闘士星矢、刀剣乱舞などの版権サイト。サイトリニューアル、LP、EC構築、VRコンテンツまで。キャラクターコンテンツというセキュアな環境のWeb運用を20年以上。	社名アカウントを採用告知に使うほど採用に困っている。版権案件＝納期と規約が厳しく、途中参加のハードルが高い分、一度入れば継続する構造。	作品ごとのキャンペーンLP・特設サイトのコーディング	LP 3.5日／特設サイト 5.0〜7.0日	LP ¥125,000／特設サイト ¥165,000〜¥250,000	版権案件の消耗ポイントは『レギュレーションチェック』と『同じ構造の量産』。①クレジット表記・画像の指定サイズ・alt・禁止表現を納品前に機械的に検査するチェックスクリプト（HTML lint）を組む ②作品が変わっても使い回せる特設サイトの共通テンプレをコンポーネント化。この2つは進行管理スタッフの残業を直接削るので、募集しているポジションの負荷そのものを外から下げられる。20年運用の資産があるからこそ、型化の効果が最も大きい相手。	Xの募集に反応する形で接触し、『納品前チェックの自動化＋特設サイトのテンプレ化』を提案書1枚で送る	https://www.cdunited.net/ , https://www.cdunited.net/works.html , https://www.cdunited.net/recruit.html , https://x.com/cdunitedINFO	高
ザンシン株式会社	パートナー募集ページ（zanthing.com/partner/）を常設し、そのうち『WEB制作』のカテゴリを独立させている＝制作パートナーを継続的に探している。新卒定着率100%を打ち出して新卒採用も並行＝組織拡大中で実務が逼迫。	システム開発・DXコンサル・Webサービス／Webメディアの企画開発運用・サイト制作・デジタルマーケティング。制作専業ではなくシステム寄りで、画面数の多い管理系UIやメディアのフロント実装が発生しやすい。	2015年設立、資本金990万、代表は田中正人、千代田区神田。『Webやシステムを本当に使える状態にする』という運用寄りのスタンス。発信は採用広報（チアキャリア等）が中心。	システム案件のフロント実装（画面5〜10本）	5.0〜8.0日	5画面 ¥150,000／10画面 ¥300,000（¥3,000/h基準、画面単価 ¥30,000目安）	システム会社のフロントは『動けばいい』で書かれがちで、後から誰も触れなくなる。命名規則とコンポーネント設計を持ち込んで、社内エンジニアが引き継げる形で納品すれば、同社が売っている“運用まで面倒を見る”という価値を実装面から支えられる。バックエンド人材の時間をフロントから解放する＝人月コストの削減として説明できる。	パートナー募集ページのWEB制作枠から正規に応募（既にコンタクト済のため、応募＋既存やり取りの参照で二重に接点を作る）	https://zanthing.com/ , https://zanthing.com/partner/ , https://zanthing.com/partner/web/ , https://cheercareer.jp/companies/4708/detail	高（パートナー募集ページが実在）
フォーグローブ株式会社	アルバイト・契約社員で『Webオペレーター』を募集。オペレーター＝更新・運用作業の担い手であり、ここを募集しているということは日々の更新作業が明確に逼迫している。中途の開発経験者も積極採用中。	アクリート（東証グロース上場）のグループ会社で『ビジネスデザインカンパニー』を標榜。WEBサイトのプロジェクト運用と各種制作物をワンストップ。運用案件を多く抱える構造で、新規制作より継続更新の比重が高いとみられる。	年間休日125日（2026年予定）、服装・髪型自由、有給取得推奨、『社長から直接メンバーに相談がおりてくる』ほど経営層との距離が近い、と労働環境を前面に出した発信。人を大事にする方針＝負荷の高いオペレーション業務は外に出したい動機がある。担当は採用窓口の長瀬氏。	サイト運用・更新の巻き取り＋新規制作	運用 月10〜30h（1.5〜4.5日）／制作 5.0日	運用 ¥30,000〜¥90,000/月（¥3,000/h）／制作 ¥165,000〜	『Webオペレーターを採用する』の代わりに『更新作業そのものを減らす』を提案するのが最も価値が高い。更新頻度の高い箇所（お知らせ、実績、バナー、キャンペーン枠）をCMS化・パーツ化し、更新手順書とテンプレをセットで納品すれば、アルバイトを1人採らずに済む＝年間の人件費で効果を語れる。上場グループ企業なので、コスト削減の稟議が通りやすい形にして出すと強い。	『オペレーター採用の前に、更新作業の棚卸しとCMS化を試しませんか』という角度で再接触	https://www.fourglobe.co.jp/ , https://www.fourglobe.co.jp/recruit/ , https://www.fourglobe.co.jp/work/ , https://www.fourglobe.co.jp/recruit/web_013/	中
株式会社アイズバレル	従業員18名。Indeed／Green／Geekly／HERPと複数媒体でWEBディレクター（ECサイト構築ディレクション）やEC事務スタッフを募集。ディレクションとオペレーションを採っており、コード実装は外部調達の方針とみられる。	『ノーコードツールを用いた高品質なWeb制作』を掲げる。加えて業務効率化システム開発、ゲーム制作、クラウドファンディング支援、EC事業のワンストップ提供。上場企業から個人事業主まで対応。技術スタックがノーコード寄りなのが最大の特徴。	2018年設立、渋谷神南、代表取締役社長は飯澤絢人。ノーコードを武器にスピードと価格で戦うスタイル。事業の幅が広く、18名で回すには常に人が足りない構造。	ノーコードで賄えない箇所のカスタムコード実装＋EC構築	カスタム実装 10〜30h（1.5〜4.5日）／LP 3.5日	カスタム実装 ¥30,000〜¥90,000（¥3,000/h）／LP ¥125,000	ノーコードの限界は毎回同じ場所に出る：表示速度、独自UI、計測タグの自由度、SEOの細かい制御、外部システム連携。ここを埋められる人間は、『ノーコードで受けた案件を落とさずに納品できる保険』になる。相手の看板（ノーコード＝速い・安い）を壊さずに補完する立ち位置なので、競合ではなく味方として入れる。STUDIO/Shopify等の中でカスタムCSS・JSを書ける実例を1つ見せるのが最短。	『ノーコード案件の“ここだけコードで”を巻き取れます』という限定的な切り口で打診（全面受託を狙わない）	https://isbarrel.com/ , https://www.green-japan.com/company/10307 , https://herp.careers/careers/companies/isbarrel , https://www.geekly.co.jp/companys/data/6140/	中
株式会社アイワット	Webディレクターを継続募集（hrmos・doda・リクルートエージェント・マイナビ等）。募集内容は『Web戦略立案からサイト設計、制作、運用まで一連のディレクション』でコーダーではない＝実装は外注または兼務。残業30h・有給消化80%超と、無理な内製化はしない方針。	1958年前後創業（60年以上）、2014年に中日本印刷がアイワットを合併吸収。名古屋・東京。紙媒体が本体で、そこにWeb・プロモーション・ノベルティが乗る広告代理店に近い機能。クライアントは大学、労働組合、メーカー、流通企業。	印刷会社ルーツで社歴が長く、『風通しの良い社風』を採用広報で打ち出す。デジタル専業ではないため、Web側の技術更新は外部の知見に依存しやすい。担当は土井氏。	大学・労組系サイトの制作（アクセシビリティ要件込み）	8.0〜10.0日	10ページ規模 ¥250,000〜¥350,000（トップ大¥110,000＋下層8¥120,000＋ヘッダ¥12,000＋フッタ¥8,000＋フォーム¥20,000＋JS一式¥26,000 など）	大学・労働組合・自治体系は公共性が高く、ウェブアクセシビリティ（JIS X 8341-3／WCAG 2.1 AA）が発注要件に入り始めている。ここに対応できる実装者を持っているかどうかが受注の分かれ目になる。『アクセシビリティ対応済みで納品できる』は同社が新規案件を取るための武器になる＝売上貢献そのもの。加えて印刷データ（InDesign/Illustrator）からWebへ流用する型を作れば、紙とWebの同時受注で単価が上がる。	『大学・労組案件のアクセシビリティ対応（JIS X 8341-3）を実装で担保できる』を切り口に再接触	https://www.iwat.co.jp/ , https://hrmos.co/pages/iwat , https://hrmos.co/pages/iwat/jobs/0000111 , https://tenshoku.mynavi.jp/company/399236/	中
株式会社Bonds	従業員5名。求人の公開情報は乏しいが、アプリ／HP／EC／システム／DTP／モデルキャスティング／インフルエンサーマーケと5名で7領域を扱っており、構造的に制作の手が足りない。	2016年設立、静岡市葵区、代表は山梨忍、資本金400万。『補助金で』を打ち出しにしたHP・アプリ制作（自社アプリ基盤 appring）、クラウド見積作成システム、サロン・ドローン撮影まで。主要取引先は e-three、TIAST、KO商事、Food Forest。	FacebookページとWeb中心の発信。地域の中小企業に補助金活用を入口に提案するスタイルで、案件は小〜中規模・短納期・数で回すタイプ。	補助金活用案件のHP制作（小規模・短納期）	5.0日	5ページ一式 ¥165,000／継続前提の初回価格なら ¥132,000	補助金案件は『申請要件を満たす仕様』が決まっており、毎回似た構成になる。要件を満たす標準テンプレ（必要ページ構成・フォーム・スマホ対応・SSL等）を用意して提案から納品までの型を作れば、提案スピードが上がり採択後の着手も早い＝5名の会社が受けられる件数が増える。小規模案件は単価を上げられない代わりに回転数で稼ぐしかないので、テンプレ化が唯一の粗利改善策になる。	『補助金案件向けの標準テンプレを一緒に作る』という提案で、単発ではなく件数前提の関係を狙う	https://bonds-kizuna.com/ , https://bonds-kizuna.com/company/ , https://bonds-kizuna.com/web/ , https://web-kanji.com/companies/bonds-kizuna	中
株式会社ニコプロダクション	公開求人は限定的。Wantedlyに企業ページあり。少人数で『集客・業務効率化・採用』の経営課題まで踏み込んだ提案をしており、提案側に人を割いている分、実装は外に出しやすい。	2014年設立、東京都大田区鵜の木、代表は小西薫。コーポレートサイトとECサイトの制作に特化し、既存サイトのリニューアル実績が豊富。インターネットメディア事業、スマホアプリ制作、コンサルティングも。	Facebook（@nicopro524）で発信。『WEBサイトを有効活用できていないクライアントに対して、集客・業務効率化・採用など経営にかかわる課題の解決策を提案する』という立ち位置＝制作会社というよりコンサル寄り。	既存サイトリニューアルのコーディング（移行込み）	5.0〜7.0日	5〜8ページ ¥165,000〜¥250,000＋リダイレクト設定 ¥3,000×本数＋データ移行 ¥15,000	リニューアルの最大リスクは『公開後に検索順位と流入が落ちる』こと。旧URLの棚卸し→301リダイレクトマップ作成→構造化データとメタ情報の移植→公開後のSearch Console監視までを実装側で担保すれば、リニューアル＝売上が落ちない、を証明できる。自社料金表にリダイレクト・データ移行の項目が既にあるので、見積に自然に組み込める。リニューアル特化の会社にとってこれは最も分かりやすい差別化。	『リニューアル時のSEO維持（301設計＋計測移行）まで込みで請けられる』を切り口に提案	https://nicopro.co.jp/ , https://nicopro.co.jp/about/ , https://web-kanji.com/companies/nicopro , https://www.biz.ne.jp/corporation/10539/	中
株式会社ファースト	プログラマー（PHP／JavaScript でWebアプリ中心）とWebディレクター（Web制作・DTPの制作方針決定とチーム統括）を募集。さらに新卒採用サイト（FIRST RECRUIT 2026）を別途構築＝採用に投資中。地方（三重県鈴鹿市）で技術者を採り続けるのは難易度が高く、外部戦力の必要性が高い。	システム開発・Web制作・グラフィックデザイン・名刺／封筒／ショップカード・ネット通販・ネットワーク／インフラ構築と多角。デザインから印刷、Web開発まで一貫対応。SEO対策と公開後の継続サポートを打ち出す。	新卒採用サイトを別ドメインで運用し、2026年新卒を募集＝組織を大きくする局面。多角経営のため社員一人あたりの守備範囲が広く、標準化されていない可能性が高い。	Web制作のコーディング外注（コーポレート／サービスサイト）	5.0日	5ページ一式 ¥165,000	プログラマーがPHP／JSでWebアプリを書いている会社なので、フロント（HTML/CSS/レスポンシブ）を外に出せば技術者の時間がアプリ開発に戻る。地方で採用できない分を外注で埋める、という経済合理性が明確。さらに自社の新卒採用サイトを持っている＝採用サイト制作を商材化できる立場。採用サイトのテンプレ（募集要項・社員インタビュー・エントリーフォーム）を実装で型化すれば、地域企業向けの新商材になる。	『採用に投資している会社』という共通点を切り口に、採用サイト制作の実装パートナーとして打診	https://www.firstinc.jp/ , https://www.firstinc.jp/works/ , https://www.firstinc.jp/recruit/ , https://recruit.the-first.co.jp/	中
Webクロスネット	求人の公開情報は確認できず。茨城県常陸太田市という立地で、HP制作／業務支援システム／ECモール／電子ガイド／AR／VR／バーチャルツアー／グラフィック／ビデオ／SEO／SNSと極端に幅広い領域を扱っており、少人数で回している可能性が高い。	大規模サイトからオンラインショッピングサイトまで対応。ホームページ制作からライティング、SEO対策までトータルサポート。AR／VR／バーチャルツアーという体験系コンテンツを持つのが特徴。	公開されている発信が少なく、代表者情報も取れず。地方の総合Web会社に典型的な、営業も制作も少人数で兼務している形とみられる。	HP制作のコーディング外注	5.0日	5ページ一式 ¥165,000／継続前提の初回価格なら ¥132,000	守備範囲が広すぎる会社は必ず制作物の品質と作り方がばらつく。共通のコーディング規約とコンポーネント集をこちら側で持ち込み、テンプレ納品すれば制作速度が上がる。また同社の武器であるAR／VR／バーチャルツアーは、Web側の埋め込み実装（iframe最適化、遅延読込、モバイル対応）が甘いと体験が壊れる。ここを実装で担保できると、同社の一番の売り物の完成度が上がる＝受注につながる。	まず公式サイトを直接確認して実体を掴む（公開情報が薄く、確度が最も低い1社）	https://www.xrosnet.com/service/web/ , https://web-kanji.com/companies/xrosnet	低（公開情報が乏しい。要サイト直接確認）
有限会社クリフト	『プログラミングのスキルを伸ばしたい人』向けにプログラマーを募集（千葉県船橋市）。募集はプログラマーであってデザイナー・コーダーではない＝表側の実装は手薄。	1993年設立で30年、代表は小柳雅和、資本金300万、千葉県船橋市。iPhone／Androidアプリ開発が主軸で、予約・会計・ECなどのWebシステム、Windowsアプリの受託開発、システム開発関連のITサポート。船橋を中心とした中小企業支援。	Facebookページあり。30年地域の中小企業を支えてきた老舗で、発信は控えめ。技術はネイティブアプリとシステムに寄っており、Webのフロント表現は専門外の可能性が高い。	システム・アプリのフロント／管理画面UI実装＋サービス紹介ページ	5画面で5.0日／LP 3.5日	管理画面UI 5画面 ¥150,000（¥30,000/画面）／サービス紹介LP ¥125,000	アプリ・システムが本体の会社では、UIが機能優先で作られ、使いにくさがそのまま問い合わせ・サポートコストになる。予約・会計・ECという業務システムこそ、入力フォームの設計（エラー表示、必須項目、モバイルのタップ領域、キーボード種別の指定）を整えるだけで現場の入力ミスと問い合わせが減る。『デザインを綺麗にする』ではなく『現場のオペレーションミスを減らす実装』として話すと、システム会社には通りやすい。	アプリ／システムの紹介LPという入りやすい単発から接触し、管理画面UIへ広げる	https://www.creft.co.jp/ , https://web-kanji.com/companies/creft , https://baseconnect.in/companies/6249e82b-f820-4f2b-b804-984ad38e96e6	中
株式会社イリュージョン	自社採用サイト（illusion-p.jbplt.jp）で4件の求人を掲出、WEBデザイナー職を含む。従業員10名でIT事業部と食品事業部を兼営しており、制作リソースは慢性的に薄い。※シート上は既に「見送り」。	2006年設立、福岡市中央区。IT事業部でWebサイト制作・ITコンサル・印刷物制作、食品事業部で漬物の製造販売。制作実績は医療機関が中心で、脳神経外科・耳鼻科・内科・整形外科・薬局など。医療サイトはパターンが定型化しやすい。	IT＋漬物という異色の二事業。発信は控えめ。医療特化で地域に根ざした受注構造とみられる。	クリニックサイトの量産（共通テーマ化）	1件目 5.0日／2件目以降 3.5日	1件目 ¥165,000／共通テーマ流用の2件目以降 ¥120,000	医療サイトは構成（診療案内・医師紹介・アクセス・診療時間表・お問い合わせ）がほぼ固定。共通テーマ＋カスタムフィールドで1件目を作り込めば、2件目以降の原価が半減する。加えて医療広告ガイドライン（誇大表現・体験談・術前術後写真の制限）に抵触する記述を納品前にチェックする仕組みを実装に組み込めば、同社のリスク管理そのものを引き受けられる。食品事業部の漬物ECも、カート改善・商品ページのテンプレ化で売上に直結する提案余地がある。	見送り済のため今期は追わない。医療テーマの量産テンプレを作ってから再打診	https://illusion-p.com/ , https://illusion-p.com/category/works/ , https://illusion-p.com/recruit/ , https://illusion-p.jbplt.jp/	中（見送り済）
株式会社唐沢農機サービス（現：コア・イノベーション株式会社）	マイナビ転職で14件の求人を掲出し、採用イベントも定期開催。Web事業部『ビーズクリエイト』でWeb戦略アドバイザー等を募集し、AIと最新マーケ手法で長野・近県の中小企業の課題解決を担う人材を求めている。採用の絶対量が多く、拡大局面。※シート上はお祈りメール（D）済。	農機（新品・中古販売、修理・再生）とWeb事業の二本柱。Web側はWEBコンサル、マーケ支援、農機流通支援サイト、ECサイト、情報メディア運営。事業会社が自社のためにWebを内製化し、それを外販している構造。	社名を『コア・イノベーション株式会社』へ変更している（要確認）。長野県上田市。社名変更＝ブランド刷新期であり、コーポレートサイトや各事業サイトの改修需要が発生しやすいタイミング。	ビーズクリエイト経由の制作外注（地域中小向けサイト）	5.0日	5ページ一式 ¥165,000／継続前提の初回価格なら ¥132,000	地方の中小企業向けは予算上限が明確なので、1本ごとに作り込むと合わない。共通テンプレ＋差分実装で短納期・定額で出せる型を持ち込むのが唯一の解。さらに社名変更に伴うブランド刷新は、コーポレート・採用・各事業サイトの一斉更新という“まとまった仕事”が発生する数少ないタイミング。ここに合わせて提案すると単発ではなく複数本の話になる。	再アプローチ時は必ず新社名で。社名変更を切り口に『ブランド刷新に伴う複数サイト更新』を提案	https://www.karasawanouki.co.jp/ , https://tenshoku.mynavi.jp/company/277546/joblist/ , https://en-gage.net/karasawanouki/ , https://www.green-japan.com/company/3236	中（社名変更は要一次確認）
株式会社サンアンドムーン	公式ニュースで『WEBデザイナーの外部パートナーを募集しています』と明示（共に成長し合えるビジネスパートナーとして）。会社側から外部パートナーを公募している＝入り口が最も開いている1社。※シート上は既に「見送り」。	1976年設立で約50年、代表は中谷浩和、東京都渋谷区宮益坂。HP運営コンサル、サイト構築・運用・保守、ECサイト企画構築、Shopify構築、Web広告運用代行、SEO、UI/UX設計、グラフィック／DTP。Shopifyを明示している点が技術的な特徴。	Facebookページで発信。50年の老舗が『共に成長し合えるビジネスパートナー』という言い方で外部を募集しており、内製だけでは回らない状態を素直に出している。	Shopifyテーマのカスタマイズ＋コーポレートサイト制作	Shopifyカスタム 30h（4.5日）／コーポレート 5.0日	Shopifyカスタム ¥90,000〜（¥3,000/h×30h）／コーポレート5ページ ¥165,000	Shopifyは『テーマを入れて終わり』にすると、運用側が商品ページの構成を変えるたびに制作会社を呼ぶことになる。Liquidのセクション／ブロック設計を整えて管理画面から並び替え・追加できる状態にすれば、クライアント自身が売り場を作れる＝EC売上の改善サイクルが速くなり、同社の運用工数も減る。ECは売上への貢献が数字で出る唯一の領域なので、成果を語りやすい。	見送り済だが、公式のパートナー募集ページから改めて正規ルートで応募し直す（営業ではなく応募として入る）	https://sun-moon.ne.jp/ , https://sun-moon.ne.jp/news/web%E3%83%87%E3%82%B6%E3%82%A4%E3%83%8A%E3%83%BC%E3%81%AE%E5%A4%96%E9%83%A8%E3%83%91%E3%83%BC%E3%83%88%E3%83%8A%E3%83%BC%E3%82%92%E5%8B%9F%E9%9B%86%E3%81%97%E3%81%A6%E3%81%84%E3%81%BE%E3%81%99/ , https://web-kanji.com/companies/sun-moon	高（外部パートナー募集の告知が実在）
共立コミュニケーションズ株式会社	採用ページで『KCCで働く先輩社員が経験した仕事のレポート』を掲載し、社風を伝える形の採用広報を実施。Web専任というより総合職採用で、Web制作は複数事業のうちの一部門＝専任のコーダーは薄いとみられる。※シート上は既に「見送り」。	東京都千代田区飯田橋。広告・Web・映像・印刷物・イベントの企画／制作／運営を総合的にサポート。印刷物制作、広告制作・代理業、展示会企画運営、セミナー企画運営、映像制作、Web制作、プレゼンツール制作。公式サイトにWebサイトリニューアル実績ページが複数存在。	発信は自社サイトの実績・採用ページ中心。展示会・セミナー運営を持つ＝イベントごとの特設ページ需要が反復的に発生する構造。	リニューアル案件および展示会・セミナー特設ページのコーディング	5.0〜9.0日	5ページ ¥165,000／10ページ規模 ¥300,000／特設ページ単発 ¥125,000	展示会・セミナーの特設ページは『毎回似た構成を短納期で作る』仕事で、テンプレ化の効果が最大。開催情報・登壇者・タイムテーブル・申込フォームをコンポーネント化し、日付や内容を差し替えるだけで出せる状態にすれば、1本あたりの制作日数を数日単位で削減できる。イベント本数×削減日数で効果を提示できるため、稟議に載せやすい形になる。	見送り済のため優先度は低いが、展示会シーズン前（特設ページ需要が立つ時期）に『イベント特設テンプレ』提案で再接触	https://www.krcom.co.jp/ , https://www.krcom.co.jp/service/web/ , https://www.krcom.co.jp/recruit/ , https://www.krcom.co.jp/service/web/work018.html	中（見送り済）
株式会社神戸デザインセンター	Facebookで正社員（まちづくり・イベント運営／管理スタッフ）を募集（2024年11月時点）。募集職種がWeb実装側ではない＝デザインとまちづくりが本体で、コーディングは外部依存。担当は木之下氏。	神戸市中央区三宮。ロゴ制作、プロダクトブランディング、各種印刷物のデザイン企画・制作が中心。加えてWEBデザイン、コミュニティデザイン、イベント企画・提案、共創支援（DX含む）。グラフィック起点でWebに展開するタイプ。	『多様なスタッフがそれぞれの強みと興味を活かしてアウトプットする』というスタンス。地域・コミュニティ・共創を掲げており、行政や地域団体との案件が想定される＝イベントごとの特設サイト需要が反復する。	デザイン主導のコーポレート／特設サイトのコーディング	5.0日／LP 3.5日	5ページ一式 ¥165,000／LP ¥125,000	グラフィック起点のデザインは、フォント・級数・字間・余白の再現難度が高く、実装で崩れると発注側の不満が最も出る領域。ここを1pxで再現できることが最大の売り。Web フォントの選定と読み込み最適化（font-display、サブセット化）まで踏み込めば、デザインの意図を保ったまま速度も守れる。また地域・コミュニティ案件はイベントごとに特設ページが必要になるため、共通テンプレを作れば反復受注の型になる。行政系ならアクセシビリティ対応も要件になり得る。	『グラフィックデザインの再現度』を軸に、既存実績1本のデザイン再現デモを作って送る	https://kobe-design.co.jp/ , https://kobe-design.co.jp/works/ , https://kobe-design.co.jp/about/ , https://www.facebook.com/KobeDesignCenter/	中
